standardized_filename,original_filename,instrument,source_dataset,original_path,original_sample_rate,standardized_sample_rate,original_channels,standardized_channels,original_duration_seconds,standardized_duration_seconds,original_num_samples,standardized_num_samples,original_format,original_file_size,original_sha256,standardized_sha256,rms_level,signal_quality_status,curation_status,exclusion_reason,processing_applied,notes
flute_000001.wav,100_Dm_SadFlute_01_565.wav,flute,Flute,Flute\100_Dm_SadFlute_01_565.wav,44100,44100,2,1,9.6,9.6,423360,423360,.wav,2584494,311ad7173fa7d35e902bd8c38a72baafe6eb938e291233a9d179d1fa064375c9,ce3f6729dd82e546f941eb4d1aa4562e561c6561a21313a7d791d87886d0cfd9,0.13341376185417175,NORMAL,STANDARDIZED,,downmixed to mono,
flute_000002.wav,120_C_LongFlute_01_565.wav,flute,Flute,Flute\120_C_LongFlute_01_565.wav,44100,44100,2,1,8.0,8.0,352800,352800,.wav,2153984,53a6e36b9c28335593c460c5f591f7771fbb0e0b33223397fc6b89092689d424,a95c60a4748b73cbf2f05b91eb4e0523cde2ca854cc1b8456cd9c894db3e839c,0.14336611330509186,NORMAL,STANDARDIZED,,downmixed to mono,
flute_000003.wav,120_Em_BluesSlowRiffFlute_01_565.wav,flute,Flute,Flute\120_Em_BluesSlowRiffFlute_01_565.wav,44100,44100,2,1,8.0,8.0,352800,352800,.wav,2153984,77fb70ff08a25ab0eea2be602b7943b69481c4c5dce6694d6e4a2ed637bc51ed,aa95bc1fa25cc2650e1b0f92ded068908fb71329f0b6c981e4d49d28dcaa1419,0.07210338115692139,NORMAL,STANDARDIZED,,downmixed to mono,
flute_000004.wav,160_Bm_BluesElectricRiffFlute_01_565.wav,flute,Flute,Flute\160_Bm_BluesElectricRiffFlute_01_565.wav,44100,44100,2,1,6.0,6.0,264600,264600,.wav,1615814,455d7f79f231357ae0c098fc48ecf7e1bda548d419bdb1670c3492e5249ef261,e6f8141f1924565b9145370da11938a4e91e98d41a2e689d076c871638d96e6b,0.13952453434467316,NORMAL,STANDARDIZED,,downmixed to mono,
flute_000005.wav,160_Bm_BluesTrainFlute_01_565.wav,flute,Flute,Flute\160_Bm_BluesTrainFlute_01_565.wav,44100,44100,2,1,6.0,6.0,264600,264600,.wav,1615814,469d848c21bb31251c74fe27350da923dc6e1f4d868057ee2cf9376333d3fefc,847b13b72678a158bf3a9707aed1b95a0f8b8cb17e5adf032e025d8e50fe3730,0.1020103394985199,NORMAL,STANDARDIZED,,downmixed to mono,
flute_000006.wav,160_C_FunkyCarSeatFlute_01_565.wav,flute,Flute,Flute\160_C_FunkyCarSeatFlute_01_565.wav,44100,44100,2,1,6.0,6.0,264600,264600,.wav,1615814,a6777601a042c8315254525ce5a4cea35a9f9eed30c7cfbb5297a00552675b21,7e0e5d3a218abb70280e8b824c2ec7a2b9fb48bcba58ceb1af4a88ab1ebe4a36,0.11478394269943237,NORMAL,STANDARDIZED,,downmixed to mono,
flute_000007.wav,160_Dm_BluesyChorusFlute_01_565.wav,flute,Flute,Flute\160_Dm_BluesyChorusFlute_01_565.wav,44100,44100,2,1,6.0,6.0,264600,264600,.wav,1615814,640c3c516509e9a774e34dbe65236616865eb2834108d1ef218e15def15a7f45,5b7ff45776f522665a95cc0e5ad28ad7c68a0e56751c4e4923a9c5b10fff9c0b,0.0847204253077507,NORMAL,STANDARDIZED,,downmixed to mono,
flute_000008.wav,160_Dm_ChorusFlute_02_565.wav,flute,Flute,Flute\160_Dm_ChorusFlute_02_565.wav,44100,44100,2,1,6.0,6.0,264600,264600,.wav,1615814,bcd1636de3cf6ae356e3968b6d209747c45d2875e140c52063fd02708f15b3a5,ec67cced3c2a6d0ca4b56c54c751e178c4471e6a23314495268221d73822e7a6,0.07816500961780548,NORMAL,STANDARDIZED,,downmixed to mono,
flute_000009.wav,160_Gm_ChorusRiffFlute_06_565.wav,flute,Flute,Flute\160_Gm_ChorusRiffFlute_06_565.wav,44100,44100,2,1,6.0,6.0,264600,264600,.wav,1615814,1e7ca108bd57e5f84dcee417404ffd922b8a90f84ab2e987ef872c14c08b2a7a,6b703bc534fc5180ed7e5958ea80295aa5435a888daeab9f18bbd6e6ee04e1bc,0.1005946695804596,NORMAL,STANDARDIZED,,downmixed to mono,
flute_000010.wav,160_G_SustainedFlute_01_565.wav,flute,Flute,Flute\160_G_SustainedFlute_01_565.wav,44100,44100,2,1,6.0,6.0,264600,264600,.wav,1615814,a3755c638c3552fd894055d1aee6c3d1db5d342b036ec4869e6f9677deb2be0e,63d646bcb2f2fbaac97eebf063212d2dd1530df2de3f2614839a355f0a9d2daf,0.13037168979644775,NORMAL,STANDARDIZED,,downmixed to mono,
flute_000011.wav,160_G_SustainedFlute_02_565.wav,flute,Flute,Flute\160_G_SustainedFlute_02_565.wav,44100,44100,2,1,6.0,6.0,264600,264600,.wav,1615814,80b0d0a59b1ca96be35260a85ac10549c4617e9e2a9198d45690b8d70d66983e,9d55a19d05b79754ff5ee8a132145ea11b49ba71a3a81c76d66efd3fca5a34f6,0.127419576048851,NORMAL,STANDARDIZED,,downmixed to mono,
flute_000012.wav,200_Dm_SsshFlute_02_565.wav,flute,Flute,Flute\200_Dm_SsshFlute_02_565.wav,44100,44100,2,1,4.8,4.8,211680,211680,.wav,1292912,9233245640c29b9b0200e3be3f6370f040da2460ab3dae4e3551a4e1afebf315,50f60f7b2cbecedd60e64d83e3138f00dff20bc93c5331e139eed143dd9f4d55,0.051189567893743515,NORMAL,STANDARDIZED,,downmixed to mono,
flute_000013.wav,200_Gm_LongFlute_01_565.wav,flute,Flute,Flute\200_Gm_LongFlute_01_565.wav,44100,44100,2,1,4.8,4.8,211680,211680,.wav,1292912,98b0a19706aa285632aeef6b239bdb0c865523c6156b336759c5cad75f7b3b39,5b2c9c9ef1bc487d9cbc9882c09567963b4ab98802450ba009b9714f89ac0ae2,0.13525976240634918,NORMAL,STANDARDIZED,,downmixed to mono,
flute_000014.wav,80_Bm_DirtyFlute_01_565.wav,flute,Flute,Flute\80_Bm_DirtyFlute_01_565.wav,44100,44100,2,1,6.0,6.0,264600,264600,.wav,1613730,491fb0dfe9a1855c9936c8cebc821eb076a7903a65bf2f0a6b3da92f39758c7d,324c450891d1a2e8398ed8bd0499f0ddbf978621dc104cc68de0d68f3ad365cd,0.11569803953170776,NORMAL,STANDARDIZED,,downmixed to mono,
flute_000015.wav,80_Bm_DirtyFlute_02_565.wav,flute,Flute,Flute\80_Bm_DirtyFlute_02_565.wav,44100,44100,2,1,6.0,6.0,264600,264600,.wav,1613730,a72b62339adaf2ec5edc3f6e34a9bbca252b198ac906d002ac3189138ad0747e,01e2eaa64c7c131222bf1409cbd19927948143dd8b5e0882b6189dbcbfaf7c99,0.1000225841999054,NORMAL,STANDARDIZED,,downmixed to mono,
flute_000016.wav,80_Bm_DirtyFlute_03_565.wav,flute,Flute,Flute\80_Bm_DirtyFlute_03_565.wav,44100,44100,2,1,24.0,24.0,1058400,1058400,.wav,6450954,eed73099631d5f8c7c87b8aa4f9fb1693599d5cd0e6d015b690b0e2c9ca08518,7f8bee096e544f259d3b2ac4aa406897f05193bdc48beb5a17771a3076462a53,0.08737682551145554,NORMAL,STANDARDIZED,,downmixed to mono,
flute_000017.wav,80_Bm_DirtyPatterFlute_01_565.wav,flute,Flute,Flute\80_Bm_DirtyPatterFlute_01_565.wav,44100,44100,2,1,6.0,6.0,264600,264600,.wav,1613730,491b43e60138bded2559845a186bfb3119b9d9e1f009c50d70ebe53e24813e52,3d13e814e9a2ee7574f13d02c3f4337a5a8a6939d28e10fc26f1d058a03221dd,0.05989418923854828,NORMAL,STANDARDIZED,,downmixed to mono,
flute_000018.wav,80_Bm_DirtyPatterFlute_02_565.wav,flute,Flute,Flute\80_Bm_DirtyPatterFlute_02_565.wav,44100,44100,2,1,6.0,6.0,264600,264600,.wav,1613730,b8182df806628f5e991ff37bc1dc7f619a9ca86b2f198f30fe89a5c4c2bec7f8,e4ae4e3f75f37748d6ec19749cadd7d52b50d8138ac9eb59b718ad1fd22a3dd6,0.0684155598282814,NORMAL,STANDARDIZED,,downmixed to mono,
flute_000019.wav,80_Bm_DirtyPatterFlute_03_565.wav,flute,Flute,Flute\80_Bm_DirtyPatterFlute_03_565.wav,44100,44100,2,1,6.0,6.0,264600,264600,.wav,1613730,c721fc82203e58ece7c65beb7392a8dbb7d501c60baf5cb598609253e65c3433,2b64f2997b93371d235caf445687e636d06c74396f84c4273496b1ee5bdc7e21,0.09717843681573868,NORMAL,STANDARDIZED,,downmixed to mono,
flute_000020.wav,80_Bm_DirtyStabbyFlute_01_565.wav,flute,Flute,Flute\80_Bm_DirtyStabbyFlute_01_565.wav,44100,44100,2,1,6.0,6.0,264600,264600,.wav,1613730,859dd09fdc66a378438662c09aeb85b6e84dd78f98cb729d6012aab3a8ef38c5,f3d818a6bf78fe43463defbffae0203eaaa1ce8e8ce01517b1d2e7b733392a1b,0.042652737349271774,NORMAL,STANDARDIZED,,downmixed to mono,
flute_000021.wav,80_Bm_DirtyStabbyFlute_02_565.wav,flute,Flute,Flute\80_Bm_DirtyStabbyFlute_02_565.wav,44100,44100,2,1,6.0,6.0,264600,264600,.wav,1613730,e996f4b552df622b1e214dd3e519782329a47165f60c142ab2ce82237a7f31bf,5ba6b3b1b9fe79a6816d4b2f0c45a57ace916c20f13ea11a07851ab34b437c99,0.07904696464538574,NORMAL,STANDARDIZED,,downmixed to mono,
flute_000022.wav,80_Bm_LongFlute_01_565.wav,flute,Flute,Flute\80_Bm_LongFlute_01_565.wav,44100,44100,2,1,6.0,6.0,264600,264600,.wav,1613730,93ab61743448d84623aeb803e82e67a2e0eec3e930f0a338d3eb71247cf7754d,812f1ef35f943f69c5083aa3f91d7b805fb191a8669389037dffeb55acdf6512,0.1974494904279709,NORMAL,STANDARDIZED,,downmixed to mono,
flute_000023.wav,80_Bm_LongFlute_02_565.wav,flute,Flute,Flute\80_Bm_LongFlute_02_565.wav,44100,44100,2,1,6.0,6.0,264600,264600,.wav,1613730,6ea6b942ac6ecaf2c0f0f990ee5edb20f178079379d573f179d4b5fc0b60d1e9,0b018d83ae7346c7c416fcf94a3573f68c4d9f9368c13910e54763b17097a7af,0.2804836332798004,NORMAL,STANDARDIZED,,downmixed to mono,
flute_000024.wav,80_Bm_LongFlute_03_565.wav,flute,Flute,Flute\80_Bm_LongFlute_03_565.wav,44100,44100,2,1,6.0,6.0,264600,264600,.wav,1613730,eac9f8e1cee754eb62287dc8c502dc9e9ed53dc4ed0aa7b11ed6f5857d26cfa9,513b1e45086153f2e11c814382d79fb824f492436a1adf67cc363e2276639081,0.24398642778396606,NORMAL,STANDARDIZED,,downmixed to mono,
flute_000025.wav,80_Bm_LongFlute_04_565.wav,flute,Flute,Flute\80_Bm_LongFlute_04_565.wav,44100,44100,2,1,6.0,6.0,264600,264600,.wav,1613730,54143e82b9cfeb058e2d85868d215765b48b745f018953a0874b78bd6340ef2d,8401028ffa9a8068c500cb61f09b77a2da7c7301d6560b29651a2122ba54b996,0.2070939987897873,NORMAL,STANDARDIZED,,downmixed to mono,
flute_000026.wav,80_C_CarSeatFlute_01_565.wav,flute,Flute,Flute\80_C_CarSeatFlute_01_565.wav,44100,44100,2,1,6.0,6.0,264600,264600,.wav,1615814,32e7fed355ab647634418a71efb9d07484bd4d30743662b2144c8594353e5274,e24c7d32c245c7bb11929441ba34cc6ab9b308fe0f0fc0814a28700d877fb31f,0.10641796886920929,NORMAL,STANDARDIZED,,downmixed to mono,
flute_000027.wav,80_C_CarSeatFlute_02_565.wav,flute,Flute,Flute\80_C_CarSeatFlute_02_565.wav,44100,44100,2,1,6.0,6.0,264600,264600,.wav,1615814,b92dd1f628235e67220b919787b62ba7faf07a52bfb9b490236d111e4b662885,e7f1424167b4c6c46ae7fafd50f12cd9fa6bab76e76485f8bd12c7a8c15d47d8,0.1122550219297409,NORMAL,STANDARDIZED,,downmixed to mono,
flute_000028.wav,80_C_LongFlute_01_565.wav,flute,Flute,Flute\80_C_LongFlute_01_565.wav,44100,44100,2,1,6.0,6.0,264600,264600,.wav,1623182,1a12fdafb07e915291d036384870e334d17e6a5b83b6c29daab2164a3194cfa6,a056d775ffbd0e249fb1966846f14aa08e84a16fc080442bbc6ae5f448eb0338,0.08969682455062866,NORMAL,STANDARDIZED,,downmixed to mono,
flute_000029.wav,80_G_DecendingFlute_01_565.wav,flute,Flute,Flute\80_G_DecendingFlute_01_565.wav,44100,44100,2,1,12.0,12.0,529200,529200,.wav,3230298,fe7fab24a1534fd98fc5a5a37a350d6169e797e72c08ecad17f945e9d9555c37,e324d1c2bd42ccb3f9d552bdd2f9ef537c157bb73196735b2361ce7956811621,0.1153513565659523,NORMAL,STANDARDIZED,,downmixed to mono,
flute_000030.wav,80_G_FunkyRiffFlute_01_565.wav,flute,Flute,Flute\80_G_FunkyRiffFlute_01_565.wav,44100,44100,2,1,12.0,12.0,529200,529200,.wav,3230298,42418edbd7f18e3d820a2c1fe9025edc5210707c098927a1f62acc23daa04f30,78bf7c97dce3155d043c5d71a95c290e23b54fe5dbd40b348974c9b01f09713a,0.08354630321264267,NORMAL,STANDARDIZED,,downmixed to mono,
flute_000031.wav,allemande_fifth_fragment_preston.wav,flute,Flute,Flute\allemande_fifth_fragment_preston.wav,44100,44100,1,1,21.110521541950114,21.110521541950114,930974,930974,.wav,1862026,bacfcde10f96a163735efc114ca365289e4075ac5e28e376ce2e76f3baa3ee10,bac8f259f7bf47308fa513547d368c439553bf34e7df2b8940d023fc9f32ca11,0.03024895302951336,NORMAL,STANDARDIZED,,none,
flute_000032.wav,allemande_fifth_fragment_preston_resampled.wav,flute,Flute,Flute\allemande_fifth_fragment_preston_resampled.wav,44100,44100,1,1,19.074149659863945,19.074149659863945,841170,841170,.wav,1682384,a28fff3b0a3cf15a3dcd5aef9f49fa45993d51982f16a2b8790697add005050c,a28fff3b0a3cf15a3dcd5aef9f49fa45993d51982f16a2b8790697add005050c,0.03028266318142414,NORMAL,STANDARDIZED,,none,
flute_000033.wav,allemande_fifth_fragment_rampal.wav,flute,Flute,Flute\allemande_fifth_fragment_rampal.wav,44100,44100,1,1,18.220702947845805,18.220702947845805,803533,803533,.wav,1607144,98ecd6663d79a722ac165a8b502e65772184b2365dcfdfab7b2d3c2e10b5bb78,07197ff6feaca3c18ceff077c3fde0f9a5313deebf46c87bc4b58dd8c0b53339,0.1347937136888504,NORMAL,STANDARDIZED,,none,
flute_000034.wav,allemande_first_fragment_larrieu.wav,flute,Flute,Flute\allemande_first_fragment_larrieu.wav,44100,44100,1,1,23.098049886621315,23.098049886621315,1018624,1018624,.wav,2037326,02f007f6382c4727ee026db3a45bf9ed3e6c57946bdee4b72ea91a0687fa13be,023d8804d6f7f3dc6dd8982a6ec6b9c127e81cd5ee0a26b960053d44962e1852,0.06520882248878479,NORMAL,STANDARDIZED,,none,
flute_000035.wav,allemande_first_fragment_nicolet.wav,flute,Flute,Flute\allemande_first_fragment_nicolet.wav,44100,44100,1,1,22.945124716553288,22.945124716553288,1011880,1011880,.wav,2023838,ebb35b754b9cbb5726aadddd2f7cff809121895124132985f5e53969ac25377b,168aaf27a6a78897d60f8e2495ba85a6abeb9ac228b91aad8c2989759c777b38,0.058199431747198105,NORMAL,STANDARDIZED,,none,
flute_000036.wav,allemande_fourth_fragment_gerard.wav,flute,Flute,Flute\allemande_fourth_fragment_gerard.wav,44100,44100,1,1,16.891972789115645,16.891972789115645,744936,744936,.wav,1489950,3e4c4d9ea7f71f4ca899a7403e46e1abe5f21e1d3b0b0e1e7259183c384333b7,9293a627ba7db012277079417ff8d6a3f016f3c0aacec8e6646763f118c08ad5,0.054347600787878036,NORMAL,STANDARDIZED,,none,
flute_000037.wav,allemande_fourth_fragment_larrieu.wav,flute,Flute,Flute\allemande_fourth_fragment_larrieu.wav,44100,44100,1,1,18.567256235827664,18.567256235827664,818816,818816,.wav,1637710,3ce3d284aed17e2742c38ca5df7b51ef2d53c8568bbea6950c63d797fd36ca4e,4b7f4a0260bbb886a8f1e043fb911ac0f204d3ac5940e224f65a6a862052c51b,0.05833481252193451,NORMAL,STANDARDIZED,,none,
flute_000038.wav,allemande_second_fragment_gerard.wav,flute,Flute,Flute\allemande_second_fragment_gerard.wav,44100,44100,1,1,19.31156462585034,19.31156462585034,851640,851640,.wav,1703358,f6f8b17fe59cc21b2396d3783fa0b066aa92b0498192a6bf8bbd791bddd95c2d,9d5e385dc8bd554563b049522f833ee102bd2083f481c15c334109b981003851,0.04821901395916939,NORMAL,STANDARDIZED,,none,
flute_000039.wav,allemande_second_fragment_preston.wav,flute,Flute,Flute\allemande_second_fragment_preston.wav,44100,44100,1,1,22.984965986394556,22.984965986394556,1013637,1013637,.wav,2027352,80dcda1f986863525df5246a245f720be1921d574f7efad6925908ff95a909c5,3a029393cc7b82cca51046d8fc791bb889bc66ae773e6a966c1c0eeb3a4d3d11,0.008942407555878162,NORMAL,STANDARDIZED,,none,
flute_000040.wav,allemande_second_fragment_preston_resampled.wav,flute,Flute,Flute\allemande_second_fragment_preston_resampled.wav,44100,44100,1,1,20.767777777777777,20.767777777777777,915859,915859,.wav,1831762,6592d410948d3aadd889c90d310d9f7b88ab0e388714ac6039894000fa00b791,6592d410948d3aadd889c90d310d9f7b88ab0e388714ac6039894000fa00b791,0.008949930779635906,NORMAL,STANDARDIZED,,none,
flute_000041.wav,allemande_third_fragment_nicolet.wav,flute,Flute,Flute\allemande_third_fragment_nicolet.wav,44100,44100,1,1,13.433877551020409,13.433877551020409,592434,592434,.wav,1184946,93b74b7d55d6bf5a4957c5b2cdb7e2ccf1c4e910e64be294e4402ddd1ade4e52,9f65f2652c561e94c4094385aec3a941741211a32c0f303bb08044b2d38a089a,0.04049946367740631,NORMAL,STANDARDIZED,,none,
flute_000042.wav,allemande_third_fragment_rampal.wav,flute,Flute,Flute\allemande_third_fragment_rampal.wav,44100,44100,1,1,13.605442176870747,13.605442176870747,600000,600000,.wav,1200078,2c67e9b849fc23d09ed3dcd997ef49735e71a2c3b2dc0e910aca7334e6708d74,18ce359463a611939acc35f7f3a21aad1891e1461862be53b10089422567eb8d,0.04991133138537407,NORMAL,STANDARDIZED,,none,
flute_000043.wav,density_fifth_fragment_beauregard.wav,flute,Flute,Flute\density_fifth_fragment_beauregard.wav,44100,44100,1,1,35.752925170068025,35.752925170068025,1576704,1576704,.wav,3153486,fcb4d4930b05fceacf31b4688e3aef41787a47efdeff141fbf920b64518c236f,8e600b69f6473a11eeeb5cbe912f8f4665983563d7b7fa9c55dcbfb698bd84e3,0.040110208094120026,NORMAL,STANDARDIZED,,none,
flute_000044.wav,density_first_fragment_zoon.wav,flute,Flute,Flute\density_first_fragment_zoon.wav,44100,44100,1,1,53.852698412698416,53.852698412698416,2374904,2374904,.wav,4749886,b0125a97288d5c5356fbdf7a9f7bbc54685197bfd166ef5a1337e9cbbba41a84,7cf3e224a693a72617b35d41adeb7836d5443d6cbd2c9b2a90897fcfebcd633a,0.012852617539465427,NORMAL,STANDARDIZED,,none,
flute_000045.wav,density_fourth_fragment_beauregard.wav,flute,Flute,Flute\density_fourth_fragment_beauregard.wav,44100,44100,1,1,34.14038548752834,34.14038548752834,1505591,1505591,.wav,3011260,9164d5818e5f2daf8b3846cc1b8e70e0d7959e316d025d89471050b0ae163f4d,ee0f3897eedd07bcf71d20c5c804b9fbe9d094089bd74f6e271e41dd0d25911f,0.023391537368297577,NORMAL,STANDARDIZED,,none,
flute_000046.wav,density_second_fragment_zoon.wav,flute,Flute,Flute\density_second_fragment_zoon.wav,44100,44100,1,1,35.59619047619048,35.59619047619048,1569792,1569792,.wav,3139662,082b66a4dfb0add0e4767896539142575b5b6f737e7de2df5065e9d3d8e3ed95,3316c66a09b23bd1869a4f87307659d7ecf1b20396642fd96dbf22a725d691da,0.018804870545864105,NORMAL,STANDARDIZED,,none,
flute_000047.wav,density_sixth_fragment_beauregard.wav,flute,Flute,Flute\density_sixth_fragment_beauregard.wav,44100,44100,1,1,48.476462585034014,48.476462585034014,2137812,2137812,.wav,4275702,d0a6068d5fe7f50dfebb376e7d4083a5fc6c7ceb61422cb0efd7a00ea1c0fec9,0eec164ea5e6c22003b3fad8fd94cecfdf9a8ed259d7a48b21513b94d1b5dae9,0.019509760662913322,NORMAL,STANDARDIZED,,none,
flute_000048.wav,density_third_fragment_zoon.wav,flute,Flute,Flute\density_third_fragment_zoon.wav,44100,44100,1,1,34.04045351473923,34.04045351473923,1501184,1501184,.wav,3002446,cd3cb640e03c62eb5cf1e32a83cc7c917bc824e6e4359fcd8f40a6df6b8971ec,99e4f9dada783038e5bd486eedfe2957679110ca5dc5df910ccea2c5e93729e8,0.01390285324305296,NORMAL,STANDARDIZED,,none,
flute_000049.wav,Gully-Loops-Abyss-Flute-Loop-BPM-150-Pt-2-E.wav,flute,Flute,Flute\Gully-Loops-Abyss-Flute-Loop-BPM-150-Pt-2-E.wav,48000,44100,2,1,30.6,30.6,1468800,1349460,.wav,8812844,af0ad08941d37b177693d5ab8d973d207efe2ca293bd11b9b315fef758d48d8b,14ddb594598957e09a5af473d8ae523dc228511c10e8a9f87ecc81b180ac2fe2,0.11674661934375763,NORMAL,STANDARDIZED,,downmixed to mono | resampled from 48000 to 44100,
flute_000050.wav,Gully-Loops-Birds-Flute-Loop-BPM-110-.wav,flute,Flute,Flute\Gully-Loops-Birds-Flute-Loop-BPM-110-.wav,48000,44100,2,1,8.727291666666666,8.727301587301588,418910,384874,.wav,2513504,c619bcce6495a4c622e8ca973fc37fa1a0da4a733f9854539691af999d5b5f9d,924125d1fa6584bf756cca05258d9f294426d576b5c096d1ff2d77a811072c19,0.08611603826284409,NORMAL,STANDARDIZED,,downmixed to mono | resampled from 48000 to 44100,
flute_000051.wav,Gully-Loops-Butter-Flute-Loop-BPM-105-D.wav,flute,Flute,Flute\Gully-Loops-Butter-Flute-Loop-BPM-105-D.wav,48000,44100,2,1,9.142875,9.142879818594105,438858,403201,.wav,2633192,6af772f17b460a7fc7e63ea07a46ee11c937e7532b2abf44208611f9a5f37be9,e8861e27ba26f8a9f2a0ba4d102c3227533cc45380d78a6152435e4893784d4e,0.17250464856624603,NORMAL,STANDARDIZED,,downmixed to mono | resampled from 48000 to 44100,
flute_000052.wav,Gully-Loops-Butterfly-Flute-Loop-BPM-105-D.wav,flute,Flute,Flute\Gully-Loops-Butterfly-Flute-Loop-BPM-105-D.wav,48000,44100,2,1,12.285729166666666,12.285736961451247,589715,541801,.wav,3538334,da00bfbea6459eb5fd423402888471c28e25fb0fc12ef59bd569f2fab524925f,9e8b06505da6746cd9f405d2d69939dc1f2f6c240f5ba4167c7bd20833e86977,0.12079770863056183,NORMAL,STANDARDIZED,,downmixed to mono | resampled from 48000 to 44100,
flute_000053.wav,Gully-Loops-Close-Flute-Loop-BPM-107-E.wav,flute,Flute,Flute\Gully-Loops-Close-Flute-Loop-BPM-107-E.wav,48000,44100,2,1,8.971979166666667,8.971995464852608,430655,395665,.wav,2583974,8bdf7b4388d6685be3ad812545487b30e6d37b7ef99033d6ac69115d74b0d8a1,e6712f100339f21595cd572e91929506531988542011bb4a8748e248bca936d1,0.13887745141983032,NORMAL,STANDARDIZED,,downmixed to mono | resampled from 48000 to 44100,
flute_000054.wav,Gully-Loops-Ember-Flute-Loop-BPM-B.wav,flute,Flute,Flute\Gully-Loops-Ember-Flute-Loop-BPM-B.wav,48000,44100,2,1,13.714291666666666,13.714308390022676,658286,604801,.wav,3949760,4eebc114ca8cd7d8b73caea23ebdc33418e8fb7b4b9c4aec885d2d2017612b3c,6eec45778919bc75b7f3d807e63a3246e9286e5d8e4954774809c4bbab84b003,0.1373911052942276,NORMAL,STANDARDIZED,,downmixed to mono | resampled from 48000 to 44100,
flute_000055.wav,Gully-Loops-Fly-Flute-Loop-BPM-100-A.wav,flute,Flute,Flute\Gully-Loops-Fly-Flute-Loop-BPM-100-A.wav,48000,44100,2,1,9.6,9.6,460800,423360,.wav,2764844,252a2bdbadc59f34bfa441d8d5363194970934fb1b3279900c78d09664ef43fa,75f97798eb5c2882d71ba12d4f3ff8bd8b850b747509f1fe0ede3d3c817111b4,0.14431408047676086,NORMAL,STANDARDIZED,,downmixed to mono | resampled from 48000 to 44100,
flute_000056.wav,Gully-Loops-Genesis-Flute-Loop-BPM-100-A.wav,flute,Flute,Flute\Gully-Loops-Genesis-Flute-Loop-BPM-100-A.wav,48000,44100,2,1,28.8,28.8,1382400,1270080,.wav,8294444,3e36623da927344c00334ac659be1972e4caf57111eb8410a458182ec7a86511,de6effe3660399b0ec576d951b7b54d679ab8e0140f8651cf48200a2adabea9e,0.08474697917699814,NORMAL,STANDARDIZED,,downmixed to mono | resampled from 48000 to 44100,
flute_000057.wav,Gully-Loops-Healing-Flute-Loop-BPM-128-A.wav,flute,Flute,Flute\Gully-Loops-Healing-Flute-Loop-BPM-128-A.wav,48000,44100,2,1,30.0,30.0,1440000,1323000,.wav,8640044,800ece629532bdb06246eee9c14c979d6933252acdb746bc2f25a3f0f9d198b0,2eb533d9984d00c82ffd9ae280af043ec2427a175eeb818e6afbb093d2068234,0.12923134863376617,NORMAL,STANDARDIZED,,downmixed to mono | resampled from 48000 to 44100,
flute_000058.wav,Gully-Loops-Horizon-Flute-Loop-BPM-100-A.wav,flute,Flute,Flute\Gully-Loops-Horizon-Flute-Loop-BPM-100-A.wav,48000,44100,2,1,10.05,10.05,482400,443205,.wav,2894444,d3e149561114787767ea15fba4ef97449fd882e1965ec538230030e047eaed9b,ae2b3da791ed4af59b56f57a6a0f801563670816f013892497735c5f9e513abd,0.1184239313006401,NORMAL,STANDARDIZED,,downmixed to mono | resampled from 48000 to 44100,
flute_000059.wav,Gully-Loops-Infinite-Love-Flute-Loop.wav,flute,Flute,Flute\Gully-Loops-Infinite-Love-Flute-Loop.wav,48000,44100,2,1,52.092020833333336,52.09204081632653,2500417,2297259,.wav,15002546,77e5cafbeb632b84fd7c81344228206eb0cdb59e41e3c11ecafcd4c7269e7bf7,4faabbda3f0d3a1ddff7edded60c0f2314368c20c88a21a82351806e5e3589e7,0.10201194882392883,NORMAL,STANDARDIZED,,downmixed to mono | resampled from 48000 to 44100,
flute_000060.wav,Gully-Loops-Kalponik-Flute-Loop-C.wav,flute,Flute,Flute\Gully-Loops-Kalponik-Flute-Loop-C.wav,48000,44100,2,1,16.35,16.35,784800,721035,.wav,4708844,1763ed822a9bbdfa2fc73f34deb8cb4a145a8cfb6a73e1f4b737e4beb32cfc60,5ebc330715ee0153b5d941480ada9a4d2206192ae31332fc0d954ec28fd3d12f,0.14456923305988312,NORMAL,STANDARDIZED,,downmixed to mono | resampled from 48000 to 44100,
flute_000061.wav,Gully-Loops-Maya-Flute-Loop-BPM-128-Pt-2-C.wav,flute,Flute,Flute\Gully-Loops-Maya-Flute-Loop-BPM-128-Pt-2-C.wav,48000,44100,2,1,7.5,7.5,360000,330750,.wav,2160044,124384eb9e1e0c875f6d2788063e1b62cb65b235ea013f725628009be740b8c2,0ec772f04b95e146559d65e5c070c1f71aa7ee1c873708666ccef990e6728038,0.23811431229114532,NORMAL,STANDARDIZED,,downmixed to mono | resampled from 48000 to 44100,
flute_000062.wav,Gully-Loops-Preety-Flute-Loop-BPM-105-A.wav,flute,Flute,Flute\Gully-Loops-Preety-Flute-Loop-BPM-105-A.wav,48000,44100,2,1,27.428583333333332,27.42859410430839,1316572,1209601,.wav,7899476,3a1874411e8046c738bc6daf1f423dcee86c2aff231f59fd81d62e1f18ec8194,2ef288a6f0af37ee4e22d2907e50394e5951631ee4573ddaac491102077495da,0.14971119165420532,NORMAL,STANDARDIZED,,downmixed to mono | resampled from 48000 to 44100,
flute_000063.wav,Gully-Loops-Sudden-Flute-Loop-BPM-130-A.wav,flute,Flute,Flute\Gully-Loops-Sudden-Flute-Loop-BPM-130-A.wav,48000,44100,2,1,7.384625,7.384625850340136,354462,325662,.wav,2126816,37d9e750dac550a89b6a403a7163b57b8b12213274302437d4d73af002fb9d66,df7a24af88d9c316222500ec00d7e80b3ccd829cb6d275e27eb011a7a19e541b,0.0880255401134491,NORMAL,STANDARDIZED,,downmixed to mono | resampled from 48000 to 44100,
flute_000064.wav,Gully-Loops-Unique-Flute-Loop-BPM-110-A.wav,flute,Flute,Flute\Gully-Loops-Unique-Flute-Loop-BPM-110-A.wav,48000,44100,2,1,8.727291666666666,8.727301587301588,418910,384874,.wav,2513504,40d85cdb7bc8ffb743b257b8fa684a00bd352d59c1f5e6a40f5415c4464ef891,5772a3fbb04cd70e03681fd85c6118f109a357c8fffa9583b55eb984f4ed8774,0.13790135085582733,NORMAL,STANDARDIZED,,downmixed to mono | resampled from 48000 to 44100,
flute_000065.wav,Gully-Loops-Velocity-Flute-Loop-BPM-102-F.wav,flute,Flute,Flute\Gully-Loops-Velocity-Flute-Loop-BPM-102-F.wav,48000,44100,2,1,22.352958333333333,22.352970521541952,1072942,985766,.wav,6437696,39eb58caf96a61829f291240256b00a1defad19c702e130c7969251a84134be6,6acedf26e4f7efc6639fcdf10ac7d1803099f7eb4f67d6e5fdc3eea3ee09b935,0.08564820885658264,NORMAL,STANDARDIZED,,downmixed to mono | resampled from 48000 to 44100,
flute_000066.wav,sequenza_first_fragment_robison.wav,flute,Flute,Flute\sequenza_first_fragment_robison.wav,44100,44100,1,1,32.41541950113378,32.41541950113378,1429520,1429520,.wav,2859118,39c17901de4faa7e8cfd5197b350832a8e7cea86e921896490ab9bfbade9388b,bcc70168145a080c32b7ab6429aa7991b56abfac7b5de424784c868bfb74b522,0.07219525426626205,NORMAL,STANDARDIZED,,none,
flute_000067.wav,sequenza_fourth_fragment_robison.wav,flute,Flute,Flute\sequenza_fourth_fragment_robison.wav,44100,44100,1,1,48.19591836734694,48.19591836734694,2125440,2125440,.wav,4250958,6aabffc2496758dac3f70656f14b07ccec5297ca247be03c3af380b8211b4896,7bda78789be8ea6aafe87989a12e8bdf84836a53fb5d5fe97fb4c4319ce3c6da,0.054618965834379196,NORMAL,STANDARDIZED,,none,
flute_000068.wav,sequenza_second_fragment_robison.wav,flute,Flute,Flute\sequenza_second_fragment_robison.wav,44100,44100,1,1,16.384580498866214,16.384580498866214,722560,722560,.wav,1445198,dd7900c0430afc3e54c923c254b19475d3cd225b271ac5e024f082ff8ff4c3fb,de2004eed6972f6ee972d7613900195e7a8f20f9378bce8e0aeda85f1d2593a6,0.10821826010942459,NORMAL,STANDARDIZED,,none,
flute_000069.wav,sequenza_sixth_fragment_robison.wav,flute,Flute,Flute\sequenza_sixth_fragment_robison.wav,44100,44100,1,1,17.917596371882087,17.917596371882087,790166,790166,.wav,1580410,7410671093316533caae08de40af9832fdad2206ef6d6f1dc2c1c9b09e2a691e,86e607f7752de779275977a580350e3f626685335306158340bf5c20fb6e83d0,0.1218426525592804,NORMAL,STANDARDIZED,,none,
flute_000070.wav,syrinx_fifth_fragment_bourdin.wav,flute,Flute,Flute\syrinx_fifth_fragment_bourdin.wav,44100,44100,1,1,60.61353741496599,60.61353741496599,2673057,2673057,.wav,5346192,6a0b7da01dc0006891922fc4c86c140d657c840911af356e5d0e6af3fdf4fd11,c66069292f06be68c9986a596074b8ee34355ff8b4e41aa07254a3c542323f5f,0.03452983871102333,NORMAL,STANDARDIZED,,none,
flute_000071.wav,syrinx_fifth_fragment_rhodes.wav,flute,Flute,Flute\syrinx_fifth_fragment_rhodes.wav,44100,44100,1,1,57.50693877551021,57.50693877551021,2536056,2536056,.wav,5072190,8a4ea40129e0ddf39158fcb719036d03137337518cab5b0253a1f4de1a92fb0d,166ccf36787673c716bc3b53cb2224d1cc73f216a75ca5d78a2a0ee4de06ce7b,0.01766980066895485,NORMAL,STANDARDIZED,,none,
flute_000072.wav,syrinx_first_fragment_bernold.wav,flute,Flute,Flute\syrinx_first_fragment_bernold.wav,44100,44100,1,1,29.942131519274376,29.942131519274376,1320448,1320448,.wav,2640974,9ef4c7cc3a3ee004c724ab7be6156ededdc745bc0a250d94c3af55bd163e48a2,f5dcd70cffbb486d4d394c7732ea1500f64ddce77a0fc77e15315a830c312420,0.022870942950248718,NORMAL,STANDARDIZED,,none,
flute_000073.wav,syrinx_first_fragment_douglas.wav,flute,Flute,Flute\syrinx_first_fragment_douglas.wav,44100,44100,1,1,28.979591836734695,28.979591836734695,1278000,1278000,.wav,2556078,40ec9c72f37d8511c39a6044d3f18e07b6ae3c6775f6613b6616225849be1920,9bad6994783e935ebb100d69a090d54db9d072bf222cfac128958c81924517b3,0.028344253078103065,NORMAL,STANDARDIZED,,none,
flute_000074.wav,syrinx_fourth_fragment_bernold.wav,flute,Flute,Flute\syrinx_fourth_fragment_bernold.wav,44100,44100,1,1,23.287097505668935,23.287097505668935,1026961,1026961,.wav,2054000,4e43db762aa4843ccd012281928ac09244e46ab183b84814637b10c5a48a50ae,0b30ac3ae6b9ab0d8b572edfd8f7f1e1ad7431196780f23f8cf662909c4d52a0,0.02909131906926632,NORMAL,STANDARDIZED,,none,
flute_000075.wav,syrinx_fourth_fragment_dwyer.wav,flute,Flute,Flute\syrinx_fourth_fragment_dwyer.wav,44100,44100,1,1,29.42063492063492,29.42063492063492,1297450,1297450,.wav,2594978,61f28bf542e67b5b75b55d2c99dbaa60fa37859ab199283442c224701e8375c0,5b7981273d166b87caeee9ef54ed5580d62c117c66b5a4c0235d5cc1cef99c3e,0.03036123514175415,NORMAL,STANDARDIZED,,none,
flute_000076.wav,syrinx_second_fragment_bourdin.wav,flute,Flute,Flute\syrinx_second_fragment_bourdin.wav,44100,44100,1,1,29.899455782312923,29.899455782312923,1318566,1318566,.wav,2637210,49c20f264e7f55c80979c415ae70edc520ae384c79d04848c0de233fb340c04c,3655a308522ae89f419a001394369a26b6463aeba7a74de8bbc0c0a71a3fe3e0,0.036538027226924896,NORMAL,STANDARDIZED,,none,
flute_000077.wav,syrinx_second_fragment_dwyer.wav,flute,Flute,Flute\syrinx_second_fragment_dwyer.wav,44100,44100,1,1,27.90532879818594,27.90532879818594,1230625,1230625,.wav,2461328,b096e1fe3ff9d930bc8059db86feecf2b48e3a747060c067d2103becbc844167,e5e37ea91294fa4b92714d93a14ef09d168cd1cbddb0a705b749882e88be41e0,0.02673240192234516,NORMAL,STANDARDIZED,,none,
flute_000078.wav,syrinx_third_fragment_douglas.wav,flute,Flute,Flute\syrinx_third_fragment_douglas.wav,44100,44100,1,1,27.10893424036281,27.10893424036281,1195504,1195504,.wav,2391086,085c66f59bbd780a5f608b33ec1f2bd1de12628271deddec73f4b833a7a727fd,18445f45532c6dc5537f7199c37cb03e6cfd99795cc872a456032400790c6bc4,0.017486603930592537,NORMAL,STANDARDIZED,,none,
flute_000079.wav,syrinx_third_fragment_rhodes.wav,flute,Flute,Flute\syrinx_third_fragment_rhodes.wav,44100,44100,1,1,28.89190476190476,28.89190476190476,1274133,1274133,.wav,2548344,bde08ebf742624b2f371e600764f32f22d68ecca522221723d169788db172d43,addb9739f54b2fb6c4d74db3761045c068b174b48d01be560c3f056bf71e7116,0.01698853075504303,NORMAL,STANDARDIZED,,none,
flute_000080.wav,allemande_fifth_fragment_preston.wav,flute,Flute,Flute\Kaggle_Classification_Clips\Flute\synth\ground_truth\allemande_fifth_fragment_preston.wav,44100,44100,1,1,21.477392290249433,21.477392290249433,947153,947153,.wav,1894350,1f94b620b5c7a401292b405ad2a749e3e42f688f8515d354da3bd8570fbbd19a,1f94b620b5c7a401292b405ad2a749e3e42f688f8515d354da3bd8570fbbd19a,0.08506578952074051,NORMAL,STANDARDIZED,,none,
flute_000081.wav,allemande_fifth_fragment_rampal.wav,flute,Flute,Flute\Kaggle_Classification_Clips\Flute\synth\ground_truth\allemande_fifth_fragment_rampal.wav,44100,44100,1,1,17.836916099773244,17.836916099773244,786608,786608,.wav,1573260,565e46e3c16211283cfb77827247a770f47cef7baba77bf2fbae6980df39e1c9,565e46e3c16211283cfb77827247a770f47cef7baba77bf2fbae6980df39e1c9,0.08422654122114182,NORMAL,STANDARDIZED,,none,
flute_000082.wav,allemande_first_fragment_larrieu.wav,flute,Flute,Flute\Kaggle_Classification_Clips\Flute\synth\ground_truth\allemande_first_fragment_larrieu.wav,44100,44100,1,1,23.73814058956916,23.73814058956916,1046852,1046852,.wav,2093748,ab5b59a64f20784abd53b51b2c1d41e7a8aa60a0cec3f019a4798c0342963717,ab5b59a64f20784abd53b51b2c1d41e7a8aa60a0cec3f019a4798c0342963717,0.08500867336988449,NORMAL,STANDARDIZED,,none,
flute_000083.wav,allemande_first_fragment_nicolet.wav,flute,Flute,Flute\Kaggle_Classification_Clips\Flute\synth\ground_truth\allemande_first_fragment_nicolet.wav,44100,44100,1,1,23.524739229024945,23.524739229024945,1037441,1037441,.wav,2074926,b6b8d71e358fef1726a48600064b581ad4b976653f0f276d0fe65425f5a5e740,b6b8d71e358fef1726a48600064b581ad4b976653f0f276d0fe65425f5a5e740,0.08328452706336975,NORMAL,STANDARDIZED,,none,
flute_000084.wav,allemande_fourth_fragment_gerard.wav,flute,Flute,Flute\Kaggle_Classification_Clips\Flute\synth\ground_truth\allemande_fourth_fragment_gerard.wav,44100,44100,1,1,17.873673469387754,17.873673469387754,788229,788229,.wav,1576502,2869752fc839dc52b7c08f17713ecd4e19cd15545ab0de326440fd991223a746,2869752fc839dc52b7c08f17713ecd4e19cd15545ab0de326440fd991223a746,0.0816187635064125,NORMAL,STANDARDIZED,,none,
flute_000085.wav,allemande_fourth_fragment_larrieu.wav,flute,Flute,Flute\Kaggle_Classification_Clips\Flute\synth\ground_truth\allemande_fourth_fragment_larrieu.wav,44100,44100,1,1,19.370022675736962,19.370022675736962,854218,854218,.wav,1708480,872e8ca0497851977391481788f9d59a35c844f2ca82f8d9622b358c1210bd05,872e8ca0497851977391481788f9d59a35c844f2ca82f8d9622b358c1210bd05,0.08310218900442123,NORMAL,STANDARDIZED,,none,
flute_000086.wav,allemande_second_fragment_gerard.wav,flute,Flute,Flute\Kaggle_Classification_Clips\Flute\synth\ground_truth\allemande_second_fragment_gerard.wav,44100,44100,1,1,20.057006802721087,20.057006802721087,884514,884514,.wav,1769072,c6b84025ff8ab1e4f869d6433abfcd27fc9f65fdb7f7f5eb34bfdd75264f0d14,c6b84025ff8ab1e4f869d6433abfcd27fc9f65fdb7f7f5eb34bfdd75264f0d14,0.08189122378826141,NORMAL,STANDARDIZED,,none,
flute_000087.wav,allemande_second_fragment_preston.wav,flute,Flute,Flute\Kaggle_Classification_Clips\Flute\synth\ground_truth\allemande_second_fragment_preston.wav,44100,44100,1,1,23.3284126984127,23.3284126984127,1028783,1028783,.wav,2057610,c2fb5132e3a0b07f05899d74cd4c09c38afd4281eb28a54ad6a330edda07d414,c2fb5132e3a0b07f05899d74cd4c09c38afd4281eb28a54ad6a330edda07d414,0.08746428042650223,NORMAL,STANDARDIZED,,none,
flute_000088.wav,allemande_third_fragment_nicolet.wav,flute,Flute,Flute\Kaggle_Classification_Clips\Flute\synth\ground_truth\allemande_third_fragment_nicolet.wav,44100,44100,1,1,14.395578231292516,14.395578231292516,634845,634845,.wav,1269734,4ab6cab1ea5353f899a82e7e602c1151fdc4eead9d3c1d5db2fa042215e5ff5d,4ab6cab1ea5353f899a82e7e602c1151fdc4eead9d3c1d5db2fa042215e5ff5d,0.08082135021686554,NORMAL,STANDARDIZED,,none,
flute_000089.wav,allemande_third_fragment_rampal.wav,flute,Flute,Flute\Kaggle_Classification_Clips\Flute\synth\ground_truth\allemande_third_fragment_rampal.wav,44100,44100,1,1,14.067324263038548,14.067324263038548,620369,620369,.wav,1240782,656a8963fce38ab7c174db50382a32d3952f9134203ebc49fe7528f7c259fb96,656a8963fce38ab7c174db50382a32d3952f9134203ebc49fe7528f7c259fb96,0.08147988468408585,NORMAL,STANDARDIZED,,none,
flute_000090.wav,density_fifth_fragment_beauregard.wav,flute,Flute,Flute\Kaggle_Classification_Clips\Flute\synth\ground_truth\density_fifth_fragment_beauregard.wav,44100,44100,1,1,36.0881179138322,36.0881179138322,1591486,1591486,.wav,3183016,2b6d5ebd33c23232a336a75958ea14bf2fd3354e42d035a279411a378a927069,2b6d5ebd33c23232a336a75958ea14bf2fd3354e42d035a279411a378a927069,0.09309616684913635,NORMAL,STANDARDIZED,,none,
flute_000091.wav,density_first_fragment_zoon.wav,flute,Flute,Flute\Kaggle_Classification_Clips\Flute\synth\ground_truth\density_first_fragment_zoon.wav,44100,44100,1,1,52.814195011337866,52.814195011337866,2329106,2329106,.wav,4658256,53b668af5c5e1d8581bf37460d41620fa0779b79ea3c2f3f6e3b1cd21ca45d10,53b668af5c5e1d8581bf37460d41620fa0779b79ea3c2f3f6e3b1cd21ca45d10,0.08580397814512253,NORMAL,STANDARDIZED,,none,
flute_000092.wav,density_fourth_fragment_beauregard.wav,flute,Flute,Flute\Kaggle_Classification_Clips\Flute\synth\ground_truth\density_fourth_fragment_beauregard.wav,44100,44100,1,1,33.894013605442176,33.894013605442176,1494726,1494726,.wav,2989496,4fd1eaa5542afb972c0e52f034cbd1a23d3ae73b0c3a4d4743327516b14864a8,4fd1eaa5542afb972c0e52f034cbd1a23d3ae73b0c3a4d4743327516b14864a8,0.08186374604701996,NORMAL,STANDARDIZED,,none,
flute_000093.wav,density_second_fragment_zoon.wav,flute,Flute,Flute\Kaggle_Classification_Clips\Flute\synth\ground_truth\density_second_fragment_zoon.wav,44100,44100,1,1,34.68984126984127,34.68984126984127,1529822,1529822,.wav,3059688,1c5e6730ef24cb28046c968a36e18f70e8b6740d31814d6c98aaf1c5f3c4269b,1c5e6730ef24cb28046c968a36e18f70e8b6740d31814d6c98aaf1c5f3c4269b,0.09177321195602417,NORMAL,STANDARDIZED,,none,
flute_000094.wav,density_sixth_fragment_beauregard.wav,flute,Flute,Flute\Kaggle_Classification_Clips\Flute\synth\ground_truth\density_sixth_fragment_beauregard.wav,44100,44100,1,1,47.77428571428572,47.77428571428572,2106846,2106846,.wav,4213736,2e4bff613f34ef21d035d0945192b27b04441805d0d9633a6befb66ade0ef8c9,2e4bff613f34ef21d035d0945192b27b04441805d0d9633a6befb66ade0ef8c9,0.09796813130378723,NORMAL,STANDARDIZED,,none,
flute_000095.wav,density_third_fragment_zoon.wav,flute,Flute,Flute\Kaggle_Classification_Clips\Flute\synth\ground_truth\density_third_fragment_zoon.wav,44100,44100,1,1,34.25140589569161,34.25140589569161,1510487,1510487,.wav,3021018,f7f0742d164bc2d5ad75b77f12e4136cdb365bb3928f2284d05f4a9c22cf63f2,f7f0742d164bc2d5ad75b77f12e4136cdb365bb3928f2284d05f4a9c22cf63f2,0.07813958078622818,NORMAL,STANDARDIZED,,none,
flute_000096.wav,sequenza_first_fragment_robison.wav,flute,Flute,Flute\Kaggle_Classification_Clips\Flute\synth\ground_truth\sequenza_first_fragment_robison.wav,44100,44100,1,1,32.57147392290249,32.57147392290249,1436402,1436402,.wav,2872848,8fd76ec3ba09302adf383dd1832922dd49a5e58688b085107366b635dfadca97,8fd76ec3ba09302adf383dd1832922dd49a5e58688b085107366b635dfadca97,0.09246088564395905,NORMAL,STANDARDIZED,,none,
flute_000097.wav,sequenza_fourth_fragment_robison.wav,flute,Flute,Flute\Kaggle_Classification_Clips\Flute\synth\ground_truth\sequenza_fourth_fragment_robison.wav,44100,44100,1,1,48.58439909297052,48.58439909297052,2142572,2142572,.wav,4285188,55323e263cf0a11b47f8f2716d4230eabc1da1c939b23f91ac7781963936d188,55323e263cf0a11b47f8f2716d4230eabc1da1c939b23f91ac7781963936d188,0.09179595857858658,NORMAL,STANDARDIZED,,none,
flute_000098.wav,sequenza_second_fragment_robison.wav,flute,Flute,Flute\Kaggle_Classification_Clips\Flute\synth\ground_truth\sequenza_second_fragment_robison.wav,44100,44100,1,1,16.02201814058957,16.02201814058957,706571,706571,.wav,1413186,9eda09748de0a426a1e5206b095310903b07e6e7d25be8be4ec981700f36adb9,9eda09748de0a426a1e5206b095310903b07e6e7d25be8be4ec981700f36adb9,0.08607844263315201,NORMAL,STANDARDIZED,,none,
flute_000099.wav,sequenza_sixth_fragment_robison.wav,flute,Flute,Flute\Kaggle_Classification_Clips\Flute\synth\ground_truth\sequenza_sixth_fragment_robison.wav,44100,44100,1,1,17.678049886621316,17.678049886621316,779602,779602,.wav,1559248,1a3f269c5f2a1cadef065a67981486ea197c79dc8fa9cce430a9f361b1505c51,1a3f269c5f2a1cadef065a67981486ea197c79dc8fa9cce430a9f361b1505c51,0.08188128471374512,NORMAL,STANDARDIZED,,none,
flute_000100.wav,syrinx_fifth_fragment_bourdin.wav,flute,Flute,Flute\Kaggle_Classification_Clips\Flute\synth\ground_truth\syrinx_fifth_fragment_bourdin.wav,44100,44100,1,1,57.63759637188208,57.63759637188208,2541818,2541818,.wav,5083680,f035ae14e0dc79b2c34d84ff4d32767135b1587d37ce0f89c6d94573497fc912,f035ae14e0dc79b2c34d84ff4d32767135b1587d37ce0f89c6d94573497fc912,0.09277024120092392,NORMAL,STANDARDIZED,,none,
flute_000101.wav,syrinx_fifth_fragment_rhodes.wav,flute,Flute,Flute\Kaggle_Classification_Clips\Flute\synth\ground_truth\syrinx_fifth_fragment_rhodes.wav,44100,44100,1,1,53.41748299319728,53.41748299319728,2355711,2355711,.wav,4711466,635e62efda4e9666a846f508ba94127ecb54c43159bd008de66fdfa60e511cae,635e62efda4e9666a846f508ba94127ecb54c43159bd008de66fdfa60e511cae,0.0990062803030014,NORMAL,STANDARDIZED,,none,
flute_000102.wav,syrinx_first_fragment_bernold.wav,flute,Flute,Flute\Kaggle_Classification_Clips\Flute\synth\ground_truth\syrinx_first_fragment_bernold.wav,44100,44100,1,1,30.13231292517007,30.13231292517007,1328835,1328835,.wav,2657714,56964800dd877b6c7b678af525606580d790dd2fd468b9d7f46ccc41838d1646,56964800dd877b6c7b678af525606580d790dd2fd468b9d7f46ccc41838d1646,0.09021560102701187,NORMAL,STANDARDIZED,,none,
flute_000103.wav,syrinx_first_fragment_douglas.wav,flute,Flute,Flute\Kaggle_Classification_Clips\Flute\synth\ground_truth\syrinx_first_fragment_douglas.wav,44100,44100,1,1,29.14201814058957,29.14201814058957,1285163,1285163,.wav,2570370,4197a11929ff6ef467a3553a08c674eb5119815556942b10d749f4908304110b,4197a11929ff6ef467a3553a08c674eb5119815556942b10d749f4908304110b,0.09411370754241943,NORMAL,STANDARDIZED,,none,
flute_000104.wav,syrinx_fourth_fragment_bernold.wav,flute,Flute,Flute\Kaggle_Classification_Clips\Flute\synth\ground_truth\syrinx_fourth_fragment_bernold.wav,44100,44100,1,1,22.888208616780044,22.888208616780044,1009370,1009370,.wav,2018784,a420acc977da72cc346ab5c9c9d11c0334c9b2ef13fab03a8ac33480cee178e0,a420acc977da72cc346ab5c9c9d11c0334c9b2ef13fab03a8ac33480cee178e0,0.08852288872003555,NORMAL,STANDARDIZED,,none,
flute_000105.wav,syrinx_fourth_fragment_dwyer.wav,flute,Flute,Flute\Kaggle_Classification_Clips\Flute\synth\ground_truth\syrinx_fourth_fragment_dwyer.wav,44100,44100,1,1,28.965986394557824,28.965986394557824,1277400,1277400,.wav,2554844,62b92342e481794347e4aab7d62f7df80b29c99b2f7e17586240d7d46a08154d,62b92342e481794347e4aab7d62f7df80b29c99b2f7e17586240d7d46a08154d,0.08801786601543427,NORMAL,STANDARDIZED,,none,
flute_000106.wav,syrinx_second_fragment_bourdin.wav,flute,Flute,Flute\Kaggle_Classification_Clips\Flute\synth\ground_truth\syrinx_second_fragment_bourdin.wav,44100,44100,1,1,30.40580498866213,30.40580498866213,1340896,1340896,.wav,2681836,0b903da38149f44ebb128b1ecd419e8ba55682480d5f380aee1945405c47e6eb,0b903da38149f44ebb128b1ecd419e8ba55682480d5f380aee1945405c47e6eb,0.09100586920976639,NORMAL,STANDARDIZED,,none,
flute_000107.wav,syrinx_second_fragment_dwyer.wav,flute,Flute,Flute\Kaggle_Classification_Clips\Flute\synth\ground_truth\syrinx_second_fragment_dwyer.wav,44100,44100,1,1,28.389092970521542,28.389092970521542,1251959,1251959,.wav,2503962,990432bc4d7a1d0b31a9b857eb82cd207b5cb69ec67557875843e489a917c1b3,990432bc4d7a1d0b31a9b857eb82cd207b5cb69ec67557875843e489a917c1b3,0.09404787421226501,NORMAL,STANDARDIZED,,none,
flute_000108.wav,syrinx_third_fragment_douglas.wav,flute,Flute,Flute\Kaggle_Classification_Clips\Flute\synth\ground_truth\syrinx_third_fragment_douglas.wav,44100,44100,1,1,27.558503401360543,27.558503401360543,1215330,1215330,.wav,2430704,b875dcad4fc91298e693b7d7273a5eeba01d6a9c3d8504319febbed467e7e8fc,b875dcad4fc91298e693b7d7273a5eeba01d6a9c3d8504319febbed467e7e8fc,0.09140688925981522,NORMAL,STANDARDIZED,,none,
flute_000109.wav,syrinx_third_fragment_rhodes.wav,flute,Flute,Flute\Kaggle_Classification_Clips\Flute\synth\ground_truth\syrinx_third_fragment_rhodes.wav,44100,44100,1,1,28.889591836734695,28.889591836734695,1274031,1274031,.wav,2548106,5eb235e37b9bf39cf2d4538200877477eedba98e0af0d7c8c642057a273eebfa,5eb235e37b9bf39cf2d4538200877477eedba98e0af0d7c8c642057a273eebfa,0.08765684813261032,NORMAL,STANDARDIZED,,none,
flute_000110.wav,allemande_fifth_fragment_1-0.2.wav,flute,Flute,Flute\Kaggle_Classification_Clips\Flute\synth\score\allemande_fifth_fragment_1-0.2.wav,44100,44100,1,1,15.25,15.25,672525,672525,.wav,1345094,f160e7ba86ff9630939c5bb80448a5fe90c4abdaf40b1b79f883dc1bd8dc1c1d,f160e7ba86ff9630939c5bb80448a5fe90c4abdaf40b1b79f883dc1bd8dc1c1d,0.08218732476234436,NORMAL,STANDARDIZED,,none,
flute_000111.wav,allemande_first_fragment_1-0.2.wav,flute,Flute,Flute\Kaggle_Classification_Clips\Flute\synth\score\allemande_first_fragment_1-0.2.wav,44100,44100,1,1,20.2,20.2,890820,890820,.wav,1781684,102d695f93b3bc3a7e8dcec2992ee100bc6ef3565614c990e3c8f908a3408edc,102d695f93b3bc3a7e8dcec2992ee100bc6ef3565614c990e3c8f908a3408edc,0.08134766668081284,NORMAL,STANDARDIZED,,none,
flute_000112.wav,allemande_fourth_fragment_1-0.2.wav,flute,Flute,Flute\Kaggle_Classification_Clips\Flute\synth\score\allemande_fourth_fragment_1-0.2.wav,44100,44100,1,1,15.4,15.4,679140,679140,.wav,1358324,cc77a8950d9d064e4baea2527f01d59fa47caf6194681f356ecca9d357227929,cc77a8950d9d064e4baea2527f01d59fa47caf6194681f356ecca9d357227929,0.08051765710115433,NORMAL,STANDARDIZED,,none,
flute_000113.wav,allemande_second_fragment_1-0.2.wav,flute,Flute,Flute\Kaggle_Classification_Clips\Flute\synth\score\allemande_second_fragment_1-0.2.wav,44100,44100,1,1,17.65,17.65,778365,778365,.wav,1556774,0a1626927a0ff5a0a8365154745fadd7f9f7b91a9732e3e416d505c5a7c7ddf7,0a1626927a0ff5a0a8365154745fadd7f9f7b91a9732e3e416d505c5a7c7ddf7,0.08130376040935516,NORMAL,STANDARDIZED,,none,
flute_000114.wav,allemande_third_fragment_1-0.2.wav,flute,Flute,Flute\Kaggle_Classification_Clips\Flute\synth\score\allemande_third_fragment_1-0.2.wav,44100,44100,1,1,13.0,13.0,573300,573300,.wav,1146644,36ffbe30efe270f07e9c7385ba756d04fd59a99209332c9e9e48938c53f1dc74,36ffbe30efe270f07e9c7385ba756d04fd59a99209332c9e9e48938c53f1dc74,0.07995715737342834,NORMAL,STANDARDIZED,,none,
flute_000115.wav,density_fifth_fragment_1-0.2.wav,flute,Flute,Flute\Kaggle_Classification_Clips\Flute\synth\score\density_fifth_fragment_1-0.2.wav,44100,44100,1,1,32.24965986394558,32.24965986394558,1422210,1422210,.wav,2844464,51ecafd47d935657ab82faad4882cfcc076aed6ad358934b884816d1c0d7c61b,51ecafd47d935657ab82faad4882cfcc076aed6ad358934b884816d1c0d7c61b,0.09710175544023514,NORMAL,STANDARDIZED,,none,
flute_000116.wav,density_first_fragment_1-0.2.wav,flute,Flute,Flute\Kaggle_Classification_Clips\Flute\synth\score\density_first_fragment_1-0.2.wav,44100,44100,1,1,46.416666666666664,46.416666666666664,2046975,2046975,.wav,4093994,9fb81979f0716e83f9f62e7f9bed36c55ec851c103ea98205bce2b33c3891fd8,9fb81979f0716e83f9f62e7f9bed36c55ec851c103ea98205bce2b33c3891fd8,0.08853866904973984,NORMAL,STANDARDIZED,,none,
flute_000117.wav,density_fourth_fragment_1-0.2.wav,flute,Flute,Flute\Kaggle_Classification_Clips\Flute\synth\score\density_fourth_fragment_1-0.2.wav,44100,44100,1,1,34.83299319727891,34.83299319727891,1536135,1536135,.wav,3072314,23568d89424ab79b808e43f783a6a5de2eb6300dfd873c04a7177a2c511dd8db,23568d89424ab79b808e43f783a6a5de2eb6300dfd873c04a7177a2c511dd8db,0.08516690135002136,NORMAL,STANDARDIZED,,none,
flute_000118.wav,density_second_fragment_1-0.2.wav,flute,Flute,Flute\Kaggle_Classification_Clips\Flute\synth\score\density_second_fragment_1-0.2.wav,44100,44100,1,1,29.055079365079365,29.055079365079365,1281329,1281329,.wav,2562702,624e487e1da3fbe99574548c61d0f47a5a40838b2c1e738bd13807a77192b0b3,624e487e1da3fbe99574548c61d0f47a5a40838b2c1e738bd13807a77192b0b3,0.09804953634738922,NORMAL,STANDARDIZED,,none,
flute_000119.wav,density_sixth_fragment_1-0.2.wav,flute,Flute,Flute\Kaggle_Classification_Clips\Flute\synth\score\density_sixth_fragment_1-0.2.wav,44100,44100,1,1,45.5,45.5,2006550,2006550,.wav,4013144,1a74dc23e4ebd923f488615b79dca0b6f4369f6715bcfe7d18590d796a22f325,1a74dc23e4ebd923f488615b79dca0b6f4369f6715bcfe7d18590d796a22f325,0.09776895493268967,NORMAL,STANDARDIZED,,none,
flute_000120.wav,density_third_fragment_1-0.2.wav,flute,Flute,Flute\Kaggle_Classification_Clips\Flute\synth\score\density_third_fragment_1-0.2.wav,44100,44100,1,1,34.72299319727891,34.72299319727891,1531284,1531284,.wav,3062612,29ba35f7048c7defbff4daa48dc898bd6204c2ddc09c101bd0e5e0dba6e273f6,29ba35f7048c7defbff4daa48dc898bd6204c2ddc09c101bd0e5e0dba6e273f6,0.07575952261686325,NORMAL,STANDARDIZED,,none,
flute_000121.wav,sequenza_first_fragment_1-0.2.wav,flute,Flute,Flute\Kaggle_Classification_Clips\Flute\synth\score\sequenza_first_fragment_1-0.2.wav,44100,44100,1,1,33.28884353741497,33.28884353741497,1468038,1468038,.wav,2936120,cc213b3d7efc5b237ec60e83c761ce7010afe53bc23b914a2fb1ebfad03e50b8,cc213b3d7efc5b237ec60e83c761ce7010afe53bc23b914a2fb1ebfad03e50b8,0.08164597302675247,NORMAL,STANDARDIZED,,none,
flute_000122.wav,sequenza_fourth_fragment_1-0.2.wav,flute,Flute,Flute\Kaggle_Classification_Clips\Flute\synth\score\sequenza_fourth_fragment_1-0.2.wav,44100,44100,1,1,45.4644671201814,45.4644671201814,2004983,2004983,.wav,4010010,2c26b7dacc670b228a754f9c953e19f0b4b2c55d52c1c0c33b75398ecc82c0ee,2c26b7dacc670b228a754f9c953e19f0b4b2c55d52c1c0c33b75398ecc82c0ee,0.08757530897855759,NORMAL,STANDARDIZED,,none,
flute_000123.wav,sequenza_second_fragment_1-0.2.wav,flute,Flute,Flute\Kaggle_Classification_Clips\Flute\synth\score\sequenza_second_fragment_1-0.2.wav,44100,44100,1,1,16.514285714285716,16.514285714285716,728280,728280,.wav,1456604,8ac5d464f317b4c850d81c5d7360e3abb7ba9ee6a779b05d53760e548110a838,8ac5d464f317b4c850d81c5d7360e3abb7ba9ee6a779b05d53760e548110a838,0.08438077569007874,NORMAL,STANDARDIZED,,none,
flute_000124.wav,sequenza_sixth_fragment_1-0.2.wav,flute,Flute,Flute\Kaggle_Classification_Clips\Flute\synth\score\sequenza_sixth_fragment_1-0.2.wav,44100,44100,1,1,19.42825396825397,19.42825396825397,856786,856786,.wav,1713616,67317a3a39846ad560902f160541db9b56c839424e5a84eba528b9b2b099f960,67317a3a39846ad560902f160541db9b56c839424e5a84eba528b9b2b099f960,0.08076371997594833,NORMAL,STANDARDIZED,,none,
flute_000125.wav,syrinx_fifth_fragment_1-0.2.wav,flute,Flute,Flute\Kaggle_Classification_Clips\Flute\synth\score\syrinx_fifth_fragment_1-0.2.wav,44100,44100,1,1,34.0,34.0,1499400,1499400,.wav,2998844,18729c0ba277bde5913b157fb4cdc99f1e6d7cd18a79ece3bcb46915d42fc4f5,18729c0ba277bde5913b157fb4cdc99f1e6d7cd18a79ece3bcb46915d42fc4f5,0.09658880531787872,NORMAL,STANDARDIZED,,none,
flute_000126.wav,syrinx_first_fragment_1-0.2.wav,flute,Flute,Flute\Kaggle_Classification_Clips\Flute\synth\score\syrinx_first_fragment_1-0.2.wav,44100,44100,1,1,19.0,19.0,837900,837900,.wav,1675844,caaa896831fc639cac6a9483d340fb867496d8f1aeeb3e78dd98abefd2a2ba35,caaa896831fc639cac6a9483d340fb867496d8f1aeeb3e78dd98abefd2a2ba35,0.10019496083259583,NORMAL,STANDARDIZED,,none,
flute_000127.wav,syrinx_fourth_fragment_1-0.2.wav,flute,Flute,Flute\Kaggle_Classification_Clips\Flute\synth\score\syrinx_fourth_fragment_1-0.2.wav,44100,44100,1,1,28.0,28.0,1234800,1234800,.wav,2469644,0e6f440a3a39a64c6c92eb3a76ed19ca81810ae6e9995b5fd41f47c8929a7465,0e6f440a3a39a64c6c92eb3a76ed19ca81810ae6e9995b5fd41f47c8929a7465,0.09346498548984528,NORMAL,STANDARDIZED,,none,
flute_000128.wav,syrinx_second_fragment_1-0.2.wav,flute,Flute,Flute\Kaggle_Classification_Clips\Flute\synth\score\syrinx_second_fragment_1-0.2.wav,44100,44100,1,1,13.056666666666667,13.056666666666667,575799,575799,.wav,1151642,48d8c916cbb75be87bcef021b9fb2b6ee231c54a117e45dd552747aa3cfc9f46,48d8c916cbb75be87bcef021b9fb2b6ee231c54a117e45dd552747aa3cfc9f46,0.08867762237787247,NORMAL,STANDARDIZED,,none,
flute_000129.wav,syrinx_third_fragment_1-0.2.wav,flute,Flute,Flute\Kaggle_Classification_Clips\Flute\synth\score\syrinx_third_fragment_1-0.2.wav,44100,44100,1,1,13.499659863945578,13.499659863945578,595335,595335,.wav,1190714,51988e4e01c9bb9950baf6004adca593d6bafc6971c7136a9a333b5a9eeb5990,51988e4e01c9bb9950baf6004adca593d6bafc6971c7136a9a333b5a9eeb5990,0.08103597909212112,NORMAL,STANDARDIZED,,none,
