step,loss,step_time_sec
10,1.9904303160030394,8.352851152420044
20,1.0658535938462592,8.312190294265747
30,-1.212789720564615,7.577159643173218
40,-0.2142144639743492,8.380221605300903
50,-0.11436400715028867,8.297354936599731
60,-0.07166552167618648,7.586682081222534
70,-0.14759573101764545,8.352291584014893
80,-0.395816620439291,8.213063716888428
90,-0.09073212575167418,7.6144208908081055
100,2.90658491558861,8.3589506149292
110,-2.9585221283428838,8.222766876220703
120,5.0037939351983365,7.5401387214660645
130,-1.103598823933862,8.343461751937866
140,1.6471940682269632,8.236358642578125
150,-0.2531553509470541,7.5667665004730225
160,1.8277610301156528,8.35423994064331
170,0.6142168751335703,8.181881427764893
180,-0.6294551525148563,7.481459617614746
190,0.8487094283103943,8.297192335128784
200,-2.0422777193947694,8.170169830322266
210,5.181638666894287,7.499920845031738
220,-2.606778159737587,8.311442136764526
230,-1.7236313928849996,8.256390810012817
240,-0.4359181135892868,7.583695888519287
250,-1.2937674863263964,8.349079132080078
260,1.6363503694534303,8.216597318649292
270,-0.6436119182035327,7.557758569717407
280,0.32953146992196025,8.369963645935059
290,-0.23514298126101493,8.215766668319702
300,-1.6815510168671608,7.546307325363159
310,1.3036632908508181,8.408627271652222
320,-4.245989155769348,8.211264848709106
330,1.4228165805339814,7.532788276672363
340,0.5766027748584748,8.351738691329956
350,1.2676343714818359,8.21560001373291
360,-4.278706370294094,7.5784454345703125
370,-0.7785887956619263,8.385653972625732
380,0.25814554691314695,8.236673831939697
390,-5.597081339359283,7.585490465164185
400,1.620457538962364,8.345777988433838
410,-6.121970701217651,8.324570417404175
420,-5.846641778945923,7.53645396232605
430,-5.77256795167923,8.358534574508667
440,-4.047212646901608,8.202376127243042
450,4.007924169301987,7.56087589263916
460,-3.2249281883239744,8.331342935562134
470,-0.024855589866638182,8.207485914230347
480,-7.197352647781372,7.546270132064819
490,-6.428804774582386,8.415741682052612
500,-7.87700388431549,8.20634913444519
510,0.706183671951294,7.536115646362305
520,-5.811603260040283,8.436534881591797
530,0.8973423987627029,8.291126489639282
540,-4.318789517879486,7.5737199783325195
550,-3.1047389268875123,8.37215280532837
560,0.7891706451773643,8.314013242721558
570,-2.815708863735199,7.597328186035156
580,7.7448258101940155,8.45220398902893
590,-1.89056556224823,8.315382242202759
600,3.3607941389083864,7.65872597694397
610,1.8957895278930663,8.446720123291016
620,-1.4368530571460725,8.317413091659546
630,0.5464401721954346,7.62850546836853
640,-5.542778903245926,8.492327690124512
650,-8.126453340053558,8.305916547775269
660,-5.449967561103404,7.62199854850769
670,-4.070151925086975,8.454329013824463
680,-6.441556763648987,8.312969446182251
690,-3.1478460401296617,7.649286508560181
700,-5.330414712429047,8.445131778717041
710,-1.9658055797219276,8.351191759109497
720,-4.742461875081062,7.622877359390259
730,-8.40492622256279,8.443165063858032
740,3.3224057108163834,8.3027822971344
750,-3.505917125940323,7.6690993309021
760,-1.3743405304849148,8.450714826583862
770,-3.6868656158447264,8.358249425888062
780,4.18237190246582,7.645755767822266
790,-4.500591802597046,8.451791286468506
800,-3.6310988783836367,8.309938192367554
810,-2.5629198014736176,7.627284288406372
820,0.425881814211607,8.480595827102661
830,-1.1399468898773193,8.298598051071167
840,-8.934988260269165,7.6173179149627686
850,-3.5004345178604126,8.453542470932007
860,-6.194653379917145,8.319166898727417
870,-6.0042202293872835,7.647470474243164
880,-5.290712416172028,8.468605995178223
890,-4.452612221240997,8.362683773040771
900,-8.442644596099854,7.629206657409668
910,-1.2507963076233863,8.45657992362976
920,-1.5884717911481858,8.309796810150146
930,-1.6277468264102937,7.662782669067383
940,-4.3669109582901005,8.450600385665894
950,-3.122430157661438,8.329824447631836
960,-2.237717202305794,7.625807523727417
970,-7.479442596435547,8.441435098648071
980,-3.927482485771179,8.295223951339722
990,-9.878964947792701,7.62699294090271
1000,-11.019297409057618,8.465379238128662
1010,-6.698844367265702,8.33588695526123
1020,-0.6192692011594773,7.626276254653931
1030,-7.15114648938179,8.448956727981567
1040,-1.959921944141388,8.331544399261475
1050,-5.5186665773391725,7.623807907104492
1060,7.7681550741195675,8.495028495788574
1070,1.4836359858512878,8.32678771018982
1080,-3.8477032989263535,7.623168230056763
1090,-5.019414559006691,8.497814178466797
1100,-2.9878723859786986,8.307902574539185
1110,-1.5681506156921388,7.615687608718872
1120,-3.1381084524095058,8.476747035980225
1130,-9.575585436820983,8.341956853866577
1140,-3.823832356929779,7.652352571487427
1150,-8.90586154460907,8.45423674583435
1160,-2.085618385672569,8.32151985168457
1170,3.390174984931946,7.6177849769592285
1180,1.288323102146387,8.45862603187561
1190,2.4176673531532287,8.329714298248291
1200,-0.39956540167331694,7.644512891769409
1210,-5.358232844620943,8.355467796325684
1220,-7.224942874908447,8.204816579818726
1230,-0.6370899021625519,7.568650245666504
1240,-8.598403680324555,8.398730278015137
1250,-4.333633145689964,8.322105169296265
1260,-2.545342150400393,7.722571849822998
1270,-0.806610619276762,8.536429405212402
1280,-7.794493293762207,8.242291927337646
1290,-6.9222984433174135,7.54802393913269
1300,1.0798466369509696,8.327568054199219
1310,-3.2041421324014663,8.23014783859253
1320,-2.389118130505085,7.672273397445679
1330,-4.688803114742041,8.404444217681885
1340,-3.344733875989914,8.242238998413086
1350,-9.708903938531876,7.56601095199585
1360,-4.4305087387561795,8.393738508224487
1370,-1.7423762142658235,8.223589897155762
1380,-7.181258511543274,7.687296390533447
1390,-10.760093474388123,8.516152143478394
1400,0.6787257075309754,8.418897867202759
