track_id,source_folder,vocal_source,accompaniment_sources,duration_sec
saraga_0001,saraga1.5_carnatic\A V K Rajasimhan at Arkay by Angarai V K Rajasimhan\Athirum Kazhal,Athirum Kazhal.multitrack-vocal.mp3,Athirum Kazhal.multitrack-violin.mp3;Athirum Kazhal.multitrack-ghatam.mp3;Athirum Kazhal.multitrack-mridangam-left.mp3;Athirum Kazhal.multitrack-mridangam-right.mp3,107.6
saraga_0002,saraga1.5_carnatic\A V K Rajasimhan at Arkay by Angarai V K Rajasimhan\Kanukontini,Kanukontini.multitrack-vocal.mp3,Kanukontini.multitrack-violin.mp3;Kanukontini.multitrack-ghatam.mp3;Kanukontini.multitrack-mridangam-left.mp3;Kanukontini.multitrack-mridangam-right.mp3,202.43
saraga_0003,saraga1.5_carnatic\A V K Rajasimhan at Arkay by Angarai V K Rajasimhan\Nera Nammiti,Nera Nammiti.multitrack-vocal.mp3,Nera Nammiti.multitrack-violin.mp3;Nera Nammiti.multitrack-ghatam.mp3;Nera Nammiti.multitrack-mridangam-left.mp3;Nera Nammiti.multitrack-mridangam-right.mp3,548.63
saraga_0004,saraga1.5_carnatic\A V K Rajasimhan at Arkay by Angarai V K Rajasimhan\Siva Siva Siva Yenarada,Siva Siva Siva Yenarada.multitrack-vocal.mp3,Siva Siva Siva Yenarada.multitrack-violin.mp3;Siva Siva Siva Yenarada.multitrack-ghatam.mp3;Siva Siva Siva Yenarada.multitrack-mridangam-left.mp3;Siva Siva Siva Yenarada.multitrack-mridangam-right.mp3,1170.53
saraga_0005,saraga1.5_carnatic\A V K Rajasimhan at Arkay by Angarai V K Rajasimhan\Sri Kantimatim,Sri Kantimatim.multitrack-vocal.mp3,Sri Kantimatim.multitrack-violin.mp3;Sri Kantimatim.multitrack-ghatam.mp3;Sri Kantimatim.multitrack-mridangam-left.mp3;Sri Kantimatim.multitrack-mridangam-right.mp3,4314.56
saraga_0006,saraga1.5_carnatic\Akkarai Sisters at Arkay by Akkarai Sisters\Apparama Bhakti,Apparama Bhakti.multitrack-vocal.mp3,Apparama Bhakti.multitrack-violin.mp3;Apparama Bhakti.multitrack-ghatam.mp3;Apparama Bhakti.multitrack-mridangam-left.mp3;Apparama Bhakti.multitrack-mridangam-right.mp3,1608.5
saraga_0007,saraga1.5_carnatic\Akkarai Sisters at Arkay by Akkarai Sisters\Brova Barama,Brova Barama.multitrack-vocal.mp3,Brova Barama.multitrack-violin.mp3;Brova Barama.multitrack-ghatam.mp3;Brova Barama.multitrack-mridangam-left.mp3;Brova Barama.multitrack-mridangam-right.mp3,263.58
saraga_0008,saraga1.5_carnatic\Akkarai Sisters at Arkay by Akkarai Sisters\Geeta Nayakan,Geeta Nayakan.multitrack-vocal.mp3,Geeta Nayakan.multitrack-violin.mp3;Geeta Nayakan.multitrack-ghatam.mp3;Geeta Nayakan.multitrack-mridangam-left.mp3;Geeta Nayakan.multitrack-mridangam-right.mp3,376.53
saraga_0009,saraga1.5_carnatic\Akkarai Sisters at Arkay by Akkarai Sisters\Karunimpa Idi,Karunimpa Idi.multitrack-vocal.mp3,Karunimpa Idi.multitrack-violin.mp3;Karunimpa Idi.multitrack-ghatam.mp3;Karunimpa Idi.multitrack-mridangam-left.mp3;Karunimpa Idi.multitrack-mridangam-right.mp3,337.8
saraga_0010,saraga1.5_carnatic\Akkarai Sisters at Arkay by Akkarai Sisters\Koti Janmani,Koti Janmani.multitrack-vocal.mp3,Koti Janmani.multitrack-violin.mp3;Koti Janmani.multitrack-ghatam.mp3;Koti Janmani.multitrack-mridangam-left.mp3;Koti Janmani.multitrack-mridangam-right.mp3,526.69
saraga_0011,saraga1.5_carnatic\Akkarai Sisters at Arkay by Akkarai Sisters\Manadirkkugandhadu,Manadirkkugandhadu.multitrack-vocal.mp3,Manadirkkugandhadu.multitrack-violin.mp3;Manadirkkugandhadu.multitrack-ghatam.mp3;Manadirkkugandhadu.multitrack-mridangam-left.mp3;Manadirkkugandhadu.multitrack-mridangam-right.mp3,326.98
saraga_0012,saraga1.5_carnatic\Akkarai Sisters at Arkay by Akkarai Sisters\Pavamana Suthudu Mangalam,Pavamana Suthudu Mangalam.multitrack-vocal.mp3,Pavamana Suthudu Mangalam.multitrack-violin.mp3;Pavamana Suthudu Mangalam.multitrack-ghatam.mp3;Pavamana Suthudu Mangalam.multitrack-mridangam-left.mp3;Pavamana Suthudu Mangalam.multitrack-mridangam-right.mp3,85.24
saraga_0013,saraga1.5_carnatic\Akkarai Sisters at Arkay by Akkarai Sisters\Shankari Shankuru,Shankari Shankuru.multitrack-vocal.mp3,Shankari Shankuru.multitrack-violin.mp3;Shankari Shankuru.multitrack-ghatam.mp3;Shankari Shankuru.multitrack-mridangam-left.mp3;Shankari Shankuru.multitrack-mridangam-right.mp3,2735.05
saraga_0014,saraga1.5_carnatic\Akkarai Sisters at Arkay by Akkarai Sisters\Siddhi Vinayakam,Siddhi Vinayakam.multitrack-vocal.mp3,Siddhi Vinayakam.multitrack-violin.mp3;Siddhi Vinayakam.multitrack-ghatam.mp3;Siddhi Vinayakam.multitrack-mridangam-left.mp3;Siddhi Vinayakam.multitrack-mridangam-right.mp3,755.01
saraga_0015,saraga1.5_carnatic\Akkarai Sisters at Arkay by Akkarai Sisters\Thillana Pahadi,Thillana Pahadi.multitrack-vocal.mp3,Thillana Pahadi.multitrack-violin.mp3;Thillana Pahadi.multitrack-ghatam.mp3;Thillana Pahadi.multitrack-mridangam-left.mp3;Thillana Pahadi.multitrack-mridangam-right.mp3,281.95
saraga_0016,saraga1.5_carnatic\Cherthala Ranganatha Sharma at Arkay by Cherthala Ranganatha Sharma\Bhuvini Dasudane,Bhuvini Dasudane.multitrack-vocal.mp3,Bhuvini Dasudane.multitrack-violin.mp3;Bhuvini Dasudane.multitrack-ghatam.mp3;Bhuvini Dasudane.multitrack-mridangam-left.mp3;Bhuvini Dasudane.multitrack-mridangam-right.mp3,309.34
saraga_0017,saraga1.5_carnatic\Cherthala Ranganatha Sharma at Arkay by Cherthala Ranganatha Sharma\Karuna Nidhi Illalo,Karuna Nidhi Illalo.multitrack-vocal.mp3,Karuna Nidhi Illalo.multitrack-violin.mp3;Karuna Nidhi Illalo.multitrack-ghatam.mp3,1642.7
saraga_0018,saraga1.5_carnatic\Cherthala Ranganatha Sharma at Arkay by Cherthala Ranganatha Sharma\Prathi Vaaram Vaaram,Prathi Vaaram Vaaram.multitrack-vocal.mp3,Prathi Vaaram Vaaram.multitrack-violin.mp3;Prathi Vaaram Vaaram.multitrack-ghatam.mp3,487.9
saraga_0019,saraga1.5_carnatic\Cherthala Ranganatha Sharma at Arkay by Cherthala Ranganatha Sharma\Rama Rama Guna Seema,Rama Rama Guna Seema.multitrack-vocal.mp3,Rama Rama Guna Seema.multitrack-violin.mp3;Rama Rama Guna Seema.multitrack-ghatam.mp3,3608.5
saraga_0020,saraga1.5_carnatic\Cherthala Ranganatha Sharma at Arkay by Cherthala Ranganatha Sharma\Tulasi Bilva,Tulasi Bilva.multitrack-vocal.mp3,Tulasi Bilva.multitrack-violin.mp3;Tulasi Bilva.multitrack-ghatam.mp3;Tulasi Bilva.multitrack-mridangam-left.mp3;Tulasi Bilva.multitrack-mridangam-right.mp3,590.8
saraga_0021,saraga1.5_carnatic\Cherthala Ranganatha Sharma at Arkay by Cherthala Ranganatha Sharma\Varashiki Vahana,Varashiki Vahana.multitrack-vocal.mp3,Varashiki Vahana.multitrack-violin.mp3;Varashiki Vahana.multitrack-ghatam.mp3;Varashiki Vahana.multitrack-mridangam-left.mp3;Varashiki Vahana.multitrack-mridangam-right.mp3,545.11
saraga_0022,saraga1.5_carnatic\Cherthala Ranganatha Sharma at Arkay by Cherthala Ranganatha Sharma\Velum Mayilume,Velum Mayilume.multitrack-vocal.mp3,Velum Mayilume.multitrack-violin.mp3;Velum Mayilume.multitrack-ghatam.mp3;Velum Mayilume.multitrack-mridangam-left.mp3;Velum Mayilume.multitrack-mridangam-right.mp3,734.2
saraga_0023,saraga1.5_carnatic\Dr S Sundar at Arkay by S Sundar\Devadi Devanukku Jaya Mangalam,Devadi Devanukku Jaya Mangalam.multitrack-vocal.mp3,Devadi Devanukku Jaya Mangalam.multitrack-violin.mp3;Devadi Devanukku Jaya Mangalam.multitrack-ghatam.mp3;Devadi Devanukku Jaya Mangalam.multitrack-mridangam-left.mp3;Devadi Devanukku Jaya Mangalam.multitrack-mridangam-right.mp3,134.28
saraga_0024,saraga1.5_carnatic\Dr S Sundar at Arkay by S Sundar\Enadhu Manam Kavalai,Enadhu Manam Kavalai.multitrack-vocal.mp3,Enadhu Manam Kavalai.multitrack-violin.mp3;Enadhu Manam Kavalai.multitrack-ghatam.mp3;Enadhu Manam Kavalai.multitrack-mridangam-left.mp3;Enadhu Manam Kavalai.multitrack-mridangam-right.mp3,396.05
saraga_0025,saraga1.5_carnatic\Dr S Sundar at Arkay by S Sundar\Eppadi Manam Thunindhadho,Eppadi Manam Thunindhadho.multitrack-vocal.mp3,Eppadi Manam Thunindhadho.multitrack-violin.mp3;Eppadi Manam Thunindhadho.multitrack-ghatam.mp3;Eppadi Manam Thunindhadho.multitrack-mridangam-left.mp3;Eppadi Manam Thunindhadho.multitrack-mridangam-right.mp3,453.16
saraga_0026,saraga1.5_carnatic\Dr S Sundar at Arkay by S Sundar\Geetha Vaadya Natana,Geetha Vaadya Natana.multitrack-vocal.mp3,Geetha Vaadya Natana.multitrack-violin.mp3;Geetha Vaadya Natana.multitrack-ghatam.mp3;Geetha Vaadya Natana.multitrack-mridangam-left.mp3;Geetha Vaadya Natana.multitrack-mridangam-right.mp3,2979.2
saraga_0027,saraga1.5_carnatic\Dr S Sundar at Arkay by S Sundar\Jaya Jaya Padmanabhanujese,Jaya Jaya Padmanabhanujese.multitrack-vocal.mp3,Jaya Jaya Padmanabhanujese.multitrack-violin.mp3;Jaya Jaya Padmanabhanujese.multitrack-ghatam.mp3;Jaya Jaya Padmanabhanujese.multitrack-mridangam-left.mp3;Jaya Jaya Padmanabhanujese.multitrack-mridangam-right.mp3,385.21
saraga_0028,saraga1.5_carnatic\Dr S Sundar at Arkay by S Sundar\Kannanai Paadu Maname,Kannanai Paadu Maname.multitrack-vocal.mp3,Kannanai Paadu Maname.multitrack-violin.mp3;Kannanai Paadu Maname.multitrack-ghatam.mp3;Kannanai Paadu Maname.multitrack-mridangam-left.mp3;Kannanai Paadu Maname.multitrack-mridangam-right.mp3,376.58
saraga_0029,saraga1.5_carnatic\Dr S Sundar at Arkay by S Sundar\Nannu Brova Neeku,Nannu Brova Neeku.multitrack-vocal.mp3,Nannu Brova Neeku.multitrack-violin.mp3;Nannu Brova Neeku.multitrack-ghatam.mp3;Nannu Brova Neeku.multitrack-mridangam-left.mp3;Nannu Brova Neeku.multitrack-mridangam-right.mp3,377.3
saraga_0030,saraga1.5_carnatic\Dr S Sundar at Arkay by S Sundar\Nera Nammiti,Nera Nammiti.multitrack-vocal.mp3,Nera Nammiti.multitrack-violin.mp3;Nera Nammiti.multitrack-ghatam.mp3;Nera Nammiti.multitrack-mridangam-left.mp3;Nera Nammiti.multitrack-mridangam-right.mp3,357.54
saraga_0031,saraga1.5_carnatic\Dr S Sundar at Arkay by S Sundar\Paahi Maam Sri,Paahi Maam Sri.multitrack-vocal.mp3,Paahi Maam Sri.multitrack-violin.mp3;Paahi Maam Sri.multitrack-ghatam.mp3;Paahi Maam Sri.multitrack-mridangam-left.mp3;Paahi Maam Sri.multitrack-mridangam-right.mp3,799.46
saraga_0032,saraga1.5_carnatic\Dr S Sundar at Arkay by S Sundar\Parvathi Ninnu Neranammiti,Parvathi Ninnu Neranammiti.multitrack-vocal.mp3,Parvathi Ninnu Neranammiti.multitrack-violin.mp3;Parvathi Ninnu Neranammiti.multitrack-ghatam.mp3;Parvathi Ninnu Neranammiti.multitrack-mridangam-left.mp3;Parvathi Ninnu Neranammiti.multitrack-mridangam-right.mp3,271.28
saraga_0033,saraga1.5_carnatic\Dr S Sundar at Arkay by S Sundar\Purahara Nandana,Purahara Nandana.multitrack-vocal.mp3,Purahara Nandana.multitrack-violin.mp3;Purahara Nandana.multitrack-ghatam.mp3;Purahara Nandana.multitrack-mridangam-left.mp3;Purahara Nandana.multitrack-mridangam-right.mp3,191.41
saraga_0034,saraga1.5_carnatic\Dr S Sundar at Arkay by S Sundar\Shloka Namaste Sarvalokaanam,Shloka Namaste Sarvalokaanam.multitrack-vocal.mp3,Shloka Namaste Sarvalokaanam.multitrack-violin.mp3;Shloka Namaste Sarvalokaanam.multitrack-ghatam.mp3;Shloka Namaste Sarvalokaanam.multitrack-mridangam-left.mp3;Shloka Namaste Sarvalokaanam.multitrack-mridangam-right.mp3,285.12
saraga_0035,saraga1.5_carnatic\Dr S Sundar at Arkay by S Sundar\Sudhaamayee,Sudhaamayee.multitrack-vocal.mp3,Sudhaamayee.multitrack-violin.mp3;Sudhaamayee.multitrack-ghatam.mp3;Sudhaamayee.multitrack-mridangam-left.mp3;Sudhaamayee.multitrack-mridangam-right.mp3,1614.86
saraga_0036,saraga1.5_carnatic\Dr S Sundar at Arkay by S Sundar\Vanajaksha Ninne Nammiti,Vanajaksha Ninne Nammiti.multitrack-vocal.mp3,Vanajaksha Ninne Nammiti.multitrack-violin.mp3;Vanajaksha Ninne Nammiti.multitrack-ghatam.mp3;Vanajaksha Ninne Nammiti.multitrack-mridangam-left.mp3;Vanajaksha Ninne Nammiti.multitrack-mridangam-right.mp3,339.15
saraga_0037,saraga1.5_carnatic\Kanakadurga Venkatesh at Arkay by Kanakadurga Venkatesh\Enthavedukonthu Raghava,Enthavedukonthu Raghava.multitrack-vocal.mp3,Enthavedukonthu Raghava.multitrack-violin.mp3,454.78
saraga_0038,saraga1.5_carnatic\Kanakadurga Venkatesh at Arkay by Kanakadurga Venkatesh\Etulabrotuva,Etulabrotuva.multitrack-vocal.mp3,Etulabrotuva.multitrack-violin.mp3;Etulabrotuva.multitrack-mridangam-left.mp3;Etulabrotuva.multitrack-mridangam-right.mp3,640.94
saraga_0039,saraga1.5_carnatic\Kanakadurga Venkatesh at Arkay by Kanakadurga Venkatesh\Koluvamaregatha,Koluvamaregatha.multitrack-vocal.mp3,Koluvamaregatha.multitrack-violin.mp3;Koluvamaregatha.multitrack-mridangam-left.mp3;Koluvamaregatha.multitrack-mridangam-right.mp3,3002.72
saraga_0040,saraga1.5_carnatic\Kanakadurga Venkatesh at Arkay by Kanakadurga Venkatesh\Lokavana Chatura,Lokavana Chatura.multitrack-vocal.mp3,Lokavana Chatura.multitrack-violin.mp3;Lokavana Chatura.multitrack-mridangam-left.mp3;Lokavana Chatura.multitrack-mridangam-right.mp3,2026.66
saraga_0041,saraga1.5_carnatic\Kanakadurga Venkatesh at Arkay by Kanakadurga Venkatesh\Neevada Negana,Neevada Negana.multitrack-vocal.mp3,Neevada Negana.multitrack-violin.mp3;Neevada Negana.multitrack-mridangam-left.mp3;Neevada Negana.multitrack-mridangam-right.mp3,356.72
saraga_0042,saraga1.5_carnatic\Kanakadurga Venkatesh at Arkay by Kanakadurga Venkatesh\Rama Neepai,Rama Neepai.multitrack-vocal.mp3,Rama Neepai.multitrack-violin.mp3;Rama Neepai.multitrack-mridangam-left.mp3;Rama Neepai.multitrack-mridangam-right.mp3,773.36
saraga_0043,saraga1.5_carnatic\Kanakadurga Venkatesh at Arkay by Kanakadurga Venkatesh\Vara Leela Gana Lola,Vara Leela Gana Lola.multitrack-vocal.mp3,Vara Leela Gana Lola.multitrack-violin.mp3;Vara Leela Gana Lola.multitrack-mridangam-left.mp3;Vara Leela Gana Lola.multitrack-mridangam-right.mp3,110.15
saraga_0044,saraga1.5_carnatic\KP Nandini at Arkay by KP Nandini\Ardhanarishwaram,Ardhanarishwaram.multitrack-vocal.mp3,Ardhanarishwaram.multitrack-violin.mp3;Ardhanarishwaram.multitrack-mridangam-left.mp3;Ardhanarishwaram.multitrack-mridangam-right.mp3,364.74
saraga_0045,saraga1.5_carnatic\KP Nandini at Arkay by KP Nandini\Bhavamulona,Bhavamulona.multitrack-vocal.mp3,Bhavamulona.multitrack-violin.mp3;Bhavamulona.multitrack-mridangam-left.mp3;Bhavamulona.multitrack-mridangam-right.mp3,709.2
saraga_0046,saraga1.5_carnatic\KP Nandini at Arkay by KP Nandini\Eppadi Padinaro,Eppadi Padinaro.multitrack-vocal.mp3,Eppadi Padinaro.multitrack-violin.mp3;Eppadi Padinaro.multitrack-mridangam-left.mp3;Eppadi Padinaro.multitrack-mridangam-right.mp3,291.0
saraga_0047,saraga1.5_carnatic\KP Nandini at Arkay by KP Nandini\Janakipathe Jaya Karunya Jaladhe,Janakipathe Jaya Karunya Jaladhe.multitrack-vocal.mp3,Janakipathe Jaya Karunya Jaladhe.multitrack-violin.mp3;Janakipathe Jaya Karunya Jaladhe.multitrack-mridangam-left.mp3;Janakipathe Jaya Karunya Jaladhe.multitrack-mridangam-right.mp3,2541.82
saraga_0048,saraga1.5_carnatic\KP Nandini at Arkay by KP Nandini\Manasaramathi,Manasaramathi.multitrack-vocal.mp3,Manasaramathi.multitrack-violin.mp3;Manasaramathi.multitrack-mridangam-left.mp3;Manasaramathi.multitrack-mridangam-right.mp3,1441.12
saraga_0049,saraga1.5_carnatic\KP Nandini at Arkay by KP Nandini\Nadatanum Anisham,Nadatanum Anisham.multitrack-vocal.mp3,Nadatanum Anisham.multitrack-violin.mp3;Nadatanum Anisham.multitrack-mridangam-left.mp3;Nadatanum Anisham.multitrack-mridangam-right.mp3,252.8
saraga_0050,saraga1.5_carnatic\KP Nandini at Arkay by KP Nandini\Seethamma,Seethamma.multitrack-vocal.mp3,Seethamma.multitrack-violin.mp3;Seethamma.multitrack-mridangam-left.mp3;Seethamma.multitrack-mridangam-right.mp3,299.07
saraga_0051,saraga1.5_carnatic\KP Nandini at Arkay by KP Nandini\Tillana,Tillana.multitrack-vocal.mp3,Tillana.multitrack-violin.mp3;Tillana.multitrack-mridangam-left.mp3;Tillana.multitrack-mridangam-right.mp3,249.04
saraga_0052,saraga1.5_carnatic\Kuldeep Pai at Arkay by Kuldeep Pai\Arul Seya Vendum Ayya,Arul Seya Vendum Ayya.multitrack-vocal.mp3,Arul Seya Vendum Ayya.multitrack-violin.mp3;Arul Seya Vendum Ayya.multitrack-mridangam-left.mp3;Arul Seya Vendum Ayya.multitrack-mridangam-right.mp3,1589.9
saraga_0053,saraga1.5_carnatic\Kuldeep Pai at Arkay by Kuldeep Pai\Brochevarevarura,Brochevarevarura.multitrack-vocal.mp3,Brochevarevarura.multitrack-violin.mp3;Brochevarevarura.multitrack-mridangam-left.mp3;Brochevarevarura.multitrack-mridangam-right.mp3,581.81
saraga_0054,saraga1.5_carnatic\Kuldeep Pai at Arkay by Kuldeep Pai\Gange Maam Pahi,Gange Maam Pahi.multitrack-vocal.mp3,Gange Maam Pahi.multitrack-violin.mp3;Gange Maam Pahi.multitrack-mridangam-left.mp3;Gange Maam Pahi.multitrack-mridangam-right.mp3,248.87
saraga_0055,saraga1.5_carnatic\Kuldeep Pai at Arkay by Kuldeep Pai\Kaalaharanamelara,Kaalaharanamelara.multitrack-vocal.mp3,Kaalaharanamelara.multitrack-violin.mp3;Kaalaharanamelara.multitrack-mridangam-left.mp3;Kaalaharanamelara.multitrack-mridangam-right.mp3,793.65
saraga_0056,saraga1.5_carnatic\Kuldeep Pai at Arkay by Kuldeep Pai\Kari Kalabha Mukham,Kari Kalabha Mukham.multitrack-vocal.mp3,Kari Kalabha Mukham.multitrack-violin.mp3;Kari Kalabha Mukham.multitrack-mridangam-left.mp3;Kari Kalabha Mukham.multitrack-mridangam-right.mp3,493.23
saraga_0057,saraga1.5_carnatic\Kuldeep Pai at Arkay by Kuldeep Pai\Krishna Nee Begane Baaro,Krishna Nee Begane Baaro.multitrack-vocal.mp3,Krishna Nee Begane Baaro.multitrack-violin.mp3;Krishna Nee Begane Baaro.multitrack-mridangam-left.mp3;Krishna Nee Begane Baaro.multitrack-mridangam-right.mp3,348.21
saraga_0058,saraga1.5_carnatic\Kuldeep Pai at Arkay by Kuldeep Pai\Thappi Bratikipova,Thappi Bratikipova.multitrack-vocal.mp3,Thappi Bratikipova.multitrack-violin.mp3;Thappi Bratikipova.multitrack-mridangam-left.mp3;Thappi Bratikipova.multitrack-mridangam-right.mp3,2235.85
saraga_0059,saraga1.5_carnatic\Kuldeep Pai at Arkay by Kuldeep Pai\Vasudeva Sutam Devam,Vasudeva Sutam Devam.multitrack-vocal.mp3,Vasudeva Sutam Devam.multitrack-violin.mp3;Vasudeva Sutam Devam.multitrack-mridangam-left.mp3;Vasudeva Sutam Devam.multitrack-mridangam-right.mp3,78.87
saraga_0060,saraga1.5_carnatic\Mahati at Arkay by Mahati\Chinnanchiru Kiliye,Chinnanchiru Kiliye.multitrack-vocal.mp3,Chinnanchiru Kiliye.multitrack-violin.mp3;Chinnanchiru Kiliye.multitrack-mridangam-left.mp3;Chinnanchiru Kiliye.multitrack-mridangam-right.mp3,316.44
saraga_0061,saraga1.5_carnatic\Mahati at Arkay by Mahati\Gopi Gopala Bala,Gopi Gopala Bala.multitrack-vocal.mp3,Gopi Gopala Bala.multitrack-violin.mp3;Gopi Gopala Bala.multitrack-mridangam-left.mp3;Gopi Gopala Bala.multitrack-mridangam-right.mp3,478.06
saraga_0062,saraga1.5_carnatic\Mahati at Arkay by Mahati\Hiranmayeem,Hiranmayeem.multitrack-vocal.mp3,Hiranmayeem.multitrack-violin.mp3;Hiranmayeem.multitrack-mridangam-left.mp3;Hiranmayeem.multitrack-mridangam-right.mp3,1494.4
saraga_0063,saraga1.5_carnatic\Mahati at Arkay by Mahati\Kannallavo Swami,Kannallavo Swami.multitrack-vocal.mp3,Kannallavo Swami.multitrack-violin.mp3;Kannallavo Swami.multitrack-mridangam-left.mp3;Kannallavo Swami.multitrack-mridangam-right.mp3,393.58
saraga_0064,saraga1.5_carnatic\Mahati at Arkay by Mahati\Padavini,Padavini.multitrack-vocal.mp3,Padavini.multitrack-violin.mp3;Padavini.multitrack-mridangam-left.mp3;Padavini.multitrack-mridangam-right.mp3,300.82
saraga_0065,saraga1.5_carnatic\Mahati at Arkay by Mahati\Pavamana Suttudu Pattu,Pavamana Suttudu Pattu.multitrack-vocal.mp3,Pavamana Suttudu Pattu.multitrack-violin.mp3;Pavamana Suttudu Pattu.multitrack-mridangam-left.mp3;Pavamana Suttudu Pattu.multitrack-mridangam-right.mp3,80.1
saraga_0066,saraga1.5_carnatic\Mahati at Arkay by Mahati\Ragam Tanam Pallavi,Ragam Tanam Pallavi.multitrack-vocal.mp3,Ragam Tanam Pallavi.multitrack-violin.mp3;Ragam Tanam Pallavi.multitrack-mridangam-left.mp3;Ragam Tanam Pallavi.multitrack-mridangam-right.mp3,4580.08
saraga_0067,saraga1.5_carnatic\Mahati at Arkay by Mahati\Sharanagatha Vatsale,Sharanagatha Vatsale.multitrack-vocal.mp3,Sharanagatha Vatsale.multitrack-violin.mp3;Sharanagatha Vatsale.multitrack-mridangam-left.mp3;Sharanagatha Vatsale.multitrack-mridangam-right.mp3,251.53
saraga_0068,saraga1.5_carnatic\Mahati at Arkay by Mahati\Tillana,Tillana.multitrack-vocal.mp3,Tillana.multitrack-violin.mp3;Tillana.multitrack-mridangam-left.mp3;Tillana.multitrack-mridangam-right.mp3,361.35
saraga_0069,saraga1.5_carnatic\Mahati at Arkay by Mahati\Vandu Ketpaar Illayo,Vandu Ketpaar Illayo.multitrack-vocal.mp3,Vandu Ketpaar Illayo.multitrack-violin.mp3;Vandu Ketpaar Illayo.multitrack-mridangam-left.mp3;Vandu Ketpaar Illayo.multitrack-mridangam-right.mp3,422.0
saraga_0070,saraga1.5_carnatic\Manda Sudharani at Arkay by Manda Sudharani\Ananda Sagara,Ananda Sagara.multitrack-vocal.mp3,Ananda Sagara.multitrack-violin.mp3;Ananda Sagara.multitrack-mridangam-left.mp3;Ananda Sagara.multitrack-mridangam-right.mp3,226.37
saraga_0071,saraga1.5_carnatic\Manda Sudharani at Arkay by Manda Sudharani\Bayarani Bhalite,Bayarani Bhalite.multitrack-vocal.mp3,Bayarani Bhalite.multitrack-violin.mp3;Bayarani Bhalite.multitrack-mridangam-left.mp3;Bayarani Bhalite.multitrack-mridangam-right.mp3,301.53
saraga_0072,saraga1.5_carnatic\Manda Sudharani at Arkay by Manda Sudharani\Budham Aashrayami,Budham Aashrayami.multitrack-vocal.mp3,Budham Aashrayami.multitrack-violin.mp3;Budham Aashrayami.multitrack-mridangam-left.mp3;Budham Aashrayami.multitrack-mridangam-right.mp3,1140.7
saraga_0073,saraga1.5_carnatic\Manda Sudharani at Arkay by Manda Sudharani\Enta Bhagyamu,Enta Bhagyamu.multitrack-vocal.mp3,Enta Bhagyamu.multitrack-violin.mp3;Enta Bhagyamu.multitrack-mridangam-left.mp3;Enta Bhagyamu.multitrack-mridangam-right.mp3,391.08
saraga_0074,saraga1.5_carnatic\Manda Sudharani at Arkay by Manda Sudharani\Giriraja Suta,Giriraja Suta.multitrack-vocal.mp3,Giriraja Suta.multitrack-violin.mp3;Giriraja Suta.multitrack-mridangam-left.mp3;Giriraja Suta.multitrack-mridangam-right.mp3,341.58
saraga_0075,saraga1.5_carnatic\Manda Sudharani at Arkay by Manda Sudharani\Parama Pavana Rama,Parama Pavana Rama.multitrack-vocal.mp3,Parama Pavana Rama.multitrack-violin.mp3;Parama Pavana Rama.multitrack-mridangam-left.mp3;Parama Pavana Rama.multitrack-mridangam-right.mp3,2276.1
saraga_0076,saraga1.5_carnatic\Manda Sudharani at Arkay by Manda Sudharani\Pavamana Suthudu Mangalam,Pavamana Suthudu Mangalam.multitrack-vocal.mp3,Pavamana Suthudu Mangalam.multitrack-violin.mp3;Pavamana Suthudu Mangalam.multitrack-mridangam-left.mp3;Pavamana Suthudu Mangalam.multitrack-mridangam-right.mp3,57.45
saraga_0077,saraga1.5_carnatic\Manda Sudharani at Arkay by Manda Sudharani\RTP Andholika,RTP Andholika.multitrack-vocal.mp3,RTP Andholika.multitrack-violin.mp3;RTP Andholika.multitrack-mridangam-left.mp3;RTP Andholika.multitrack-mridangam-right.mp3,2332.52
saraga_0078,saraga1.5_carnatic\Manda Sudharani at Arkay by Manda Sudharani\Sami Dayajuda,Sami Dayajuda.multitrack-vocal.mp3,Sami Dayajuda.multitrack-violin.mp3;Sami Dayajuda.multitrack-mridangam-left.mp3;Sami Dayajuda.multitrack-mridangam-right.mp3,447.38
saraga_0079,saraga1.5_carnatic\Manda Sudharani at Arkay by Manda Sudharani\Sarasamukhi Sakala,Sarasamukhi Sakala.multitrack-vocal.mp3,Sarasamukhi Sakala.multitrack-violin.mp3;Sarasamukhi Sakala.multitrack-mridangam-left.mp3;Sarasamukhi Sakala.multitrack-mridangam-right.mp3,266.96
saraga_0080,saraga1.5_carnatic\Manda Sudharani at Arkay by Manda Sudharani\Thillana Rageshri,Thillana Rageshri.multitrack-vocal.mp3,Thillana Rageshri.multitrack-violin.mp3;Thillana Rageshri.multitrack-mridangam-left.mp3;Thillana Rageshri.multitrack-mridangam-right.mp3,343.33
saraga_0081,saraga1.5_carnatic\Modhumudi Sudhakar at Arkay by Modhumudi Sudhakar\Dudukugala,Dudukugala.multitrack-vocal.mp3,Dudukugala.multitrack-violin.mp3;Dudukugala.multitrack-mridangam-left.mp3;Dudukugala.multitrack-mridangam-right.mp3,801.73
saraga_0082,saraga1.5_carnatic\Modhumudi Sudhakar at Arkay by Modhumudi Sudhakar\Edari Sancharintura,Edari Sancharintura.multitrack-vocal.mp3,Edari Sancharintura.multitrack-violin.mp3;Edari Sancharintura.multitrack-mridangam-left.mp3;Edari Sancharintura.multitrack-mridangam-right.mp3,310.6
saraga_0083,saraga1.5_carnatic\Modhumudi Sudhakar at Arkay by Modhumudi Sudhakar\Entha Muddo,Entha Muddo.multitrack-vocal.mp3,Entha Muddo.multitrack-violin.mp3;Entha Muddo.multitrack-mridangam-left.mp3;Entha Muddo.multitrack-mridangam-right.mp3,441.84
saraga_0084,saraga1.5_carnatic\Modhumudi Sudhakar at Arkay by Modhumudi Sudhakar\Eramuni,Eramuni.multitrack-vocal.mp3,Eramuni.multitrack-violin.mp3;Eramuni.multitrack-mridangam-left.mp3;Eramuni.multitrack-mridangam-right.mp3,1325.72
saraga_0085,saraga1.5_carnatic\Modhumudi Sudhakar at Arkay by Modhumudi Sudhakar\Ghandhamu Poyyaruga,Ghandhamu Poyyaruga.multitrack-vocal.mp3,Ghandhamu Poyyaruga.multitrack-violin.mp3;Ghandhamu Poyyaruga.multitrack-mridangam-left.mp3;Ghandhamu Poyyaruga.multitrack-mridangam-right.mp3,232.0
saraga_0086,saraga1.5_carnatic\Modhumudi Sudhakar at Arkay by Modhumudi Sudhakar\Giriraja Suta,Giriraja Suta.multitrack-vocal.mp3,Giriraja Suta.multitrack-violin.mp3;Giriraja Suta.multitrack-mridangam-left.mp3;Giriraja Suta.multitrack-mridangam-right.mp3,187.51
saraga_0087,saraga1.5_carnatic\Modhumudi Sudhakar at Arkay by Modhumudi Sudhakar\Koluvaiyunnade,Koluvaiyunnade.multitrack-vocal.mp3,Koluvaiyunnade.multitrack-violin.mp3;Koluvaiyunnade.multitrack-mridangam-left.mp3;Koluvaiyunnade.multitrack-mridangam-right.mp3,302.51
saraga_0088,saraga1.5_carnatic\Modhumudi Sudhakar at Arkay by Modhumudi Sudhakar\Mangalam Avanisutanatha,Mangalam Avanisutanatha.multitrack-vocal.mp3,Mangalam Avanisutanatha.multitrack-violin.mp3;Mangalam Avanisutanatha.multitrack-mridangam-left.mp3;Mangalam Avanisutanatha.multitrack-mridangam-right.mp3,123.08
saraga_0089,saraga1.5_carnatic\Modhumudi Sudhakar at Arkay by Modhumudi Sudhakar\Paraloka Bhaya,Paraloka Bhaya.multitrack-vocal.mp3,Paraloka Bhaya.multitrack-violin.mp3;Paraloka Bhaya.multitrack-mridangam-left.mp3;Paraloka Bhaya.multitrack-mridangam-right.mp3,471.84
saraga_0090,saraga1.5_carnatic\Modhumudi Sudhakar at Arkay by Modhumudi Sudhakar\Paramatmudu,Paramatmudu.multitrack-vocal.mp3,Paramatmudu.multitrack-violin.mp3;Paramatmudu.multitrack-mridangam-left.mp3;Paramatmudu.multitrack-mridangam-right.mp3,892.8
saraga_0091,saraga1.5_carnatic\Modhumudi Sudhakar at Arkay by Modhumudi Sudhakar\Rama Namam Bhajare,Rama Namam Bhajare.multitrack-vocal.mp3,Rama Namam Bhajare.multitrack-violin.mp3;Rama Namam Bhajare.multitrack-mridangam-left.mp3;Rama Namam Bhajare.multitrack-mridangam-right.mp3,208.55
saraga_0092,saraga1.5_carnatic\Modhumudi Sudhakar at Arkay by Modhumudi Sudhakar\Shobillu Saptasvara,Shobillu Saptasvara.multitrack-vocal.mp3,Shobillu Saptasvara.multitrack-violin.mp3;Shobillu Saptasvara.multitrack-mridangam-left.mp3;Shobillu Saptasvara.multitrack-mridangam-right.mp3,717.43
saraga_0093,saraga1.5_carnatic\Modhumudi Sudhakar at Arkay by Modhumudi Sudhakar\Sundari Nee Divya,Sundari Nee Divya.multitrack-vocal.mp3,Sundari Nee Divya.multitrack-violin.mp3;Sundari Nee Divya.multitrack-mridangam-left.mp3;Sundari Nee Divya.multitrack-mridangam-right.mp3,1509.79
saraga_0094,saraga1.5_carnatic\Modhumudi Sudhakar at Arkay by Modhumudi Sudhakar\Telisi Rama,Telisi Rama.multitrack-vocal.mp3,Telisi Rama.multitrack-violin.mp3;Telisi Rama.multitrack-mridangam-left.mp3;Telisi Rama.multitrack-mridangam-right.mp3,277.47
saraga_0095,saraga1.5_carnatic\N J Nandini in Arkay by N J Nandini\Dharini Telusukonti,Dharini Telusukonti.multitrack-vocal.mp3,Dharini Telusukonti.multitrack-violin.mp3;Dharini Telusukonti.multitrack-mridangam-left.mp3;Dharini Telusukonti.multitrack-mridangam-right.mp3,2014.58
saraga_0096,saraga1.5_carnatic\N J Nandini in Arkay by N J Nandini\Karuna Ela Gante,Karuna Ela Gante.multitrack-vocal.mp3,Karuna Ela Gante.multitrack-violin.mp3;Karuna Ela Gante.multitrack-mridangam-left.mp3;Karuna Ela Gante.multitrack-mridangam-right.mp3,937.98
saraga_0097,saraga1.5_carnatic\N J Nandini in Arkay by N J Nandini\Marugelara,Marugelara.multitrack-vocal.mp3,Marugelara.multitrack-violin.mp3;Marugelara.multitrack-mridangam-left.mp3;Marugelara.multitrack-mridangam-right.mp3,396.92
saraga_0098,saraga1.5_carnatic\N J Nandini in Arkay by N J Nandini\Merusamana,Merusamana.multitrack-vocal.mp3,Merusamana.multitrack-violin.mp3;Merusamana.multitrack-mridangam-left.mp3;Merusamana.multitrack-mridangam-right.mp3,1134.22
saraga_0099,saraga1.5_carnatic\N J Nandini in Arkay by N J Nandini\Sogasuga,Sogasuga.multitrack-vocal.mp3,Sogasuga.multitrack-violin.mp3;Sogasuga.multitrack-mridangam-left.mp3;Sogasuga.multitrack-mridangam-right.mp3,511.08
saraga_0100,saraga1.5_carnatic\Prema Rangarajan at Arkay by Prema Rangarajan\Gam Ganapate,Gam Ganapate.multitrack-vocal.mp3,Gam Ganapate.multitrack-violin.mp3;Gam Ganapate.multitrack-mridangam-left.mp3;Gam Ganapate.multitrack-mridangam-right.mp3,447.24
saraga_0101,saraga1.5_carnatic\Prema Rangarajan at Arkay by Prema Rangarajan\Kailasapathe,Kailasapathe.multitrack-vocal.mp3,Kailasapathe.multitrack-violin.mp3;Kailasapathe.multitrack-mridangam-left.mp3;Kailasapathe.multitrack-mridangam-right.mp3,2689.12
saraga_0102,saraga1.5_carnatic\Prema Rangarajan at Arkay by Prema Rangarajan\Karunajaladhe,Karunajaladhe.multitrack-vocal.mp3,Karunajaladhe.multitrack-violin.mp3;Karunajaladhe.multitrack-mridangam-left.mp3;Karunajaladhe.multitrack-mridangam-right.mp3,214.88
saraga_0103,saraga1.5_carnatic\Prema Rangarajan at Arkay by Prema Rangarajan\Lalitha Lavanga,Lalitha Lavanga.multitrack-vocal.mp3,Lalitha Lavanga.multitrack-violin.mp3;Lalitha Lavanga.multitrack-mridangam-left.mp3;Lalitha Lavanga.multitrack-mridangam-right.mp3,320.35
saraga_0104,saraga1.5_carnatic\Prema Rangarajan at Arkay by Prema Rangarajan\Nera Nammiti,Nera Nammiti.multitrack-vocal.mp3,Nera Nammiti.multitrack-violin.mp3;Nera Nammiti.multitrack-mridangam-left.mp3;Nera Nammiti.multitrack-mridangam-right.mp3,315.6
saraga_0105,saraga1.5_carnatic\Prema Rangarajan at Arkay by Prema Rangarajan\Shri Kamakshi Shritajana,Shri Kamakshi Shritajana.multitrack-vocal.mp3,Shri Kamakshi Shritajana.multitrack-violin.mp3;Shri Kamakshi Shritajana.multitrack-mridangam-left.mp3;Shri Kamakshi Shritajana.multitrack-mridangam-right.mp3,893.4
saraga_0106,saraga1.5_carnatic\Prema Rangarajan at Arkay by Prema Rangarajan\Thamarai Kangal,Thamarai Kangal.multitrack-vocal.mp3,Thamarai Kangal.multitrack-violin.mp3;Thamarai Kangal.multitrack-mridangam-left.mp3;Thamarai Kangal.multitrack-mridangam-right.mp3,1203.12
saraga_0107,saraga1.5_carnatic\Prema Rangarajan at Arkay by Prema Rangarajan\Thillana Vasanta,Thillana Vasanta.multitrack-vocal.mp3,Thillana Vasanta.multitrack-violin.mp3;Thillana Vasanta.multitrack-mridangam-left.mp3;Thillana Vasanta.multitrack-mridangam-right.mp3,262.78
saraga_0108,saraga1.5_carnatic\Prema Rangarajan at Arkay by Prema Rangarajan\Tolinenu Jesina,Tolinenu Jesina.multitrack-vocal.mp3,Tolinenu Jesina.multitrack-violin.mp3;Tolinenu Jesina.multitrack-mridangam-left.mp3;Tolinenu Jesina.multitrack-mridangam-right.mp3,258.86
saraga_0109,saraga1.5_carnatic\Salem Gayatri Venkatesan at Arkay by Salem Gayatri Venkatesan\Bandadella Barali,Bandadella Barali.multitrack-vocal.mp3,Bandadella Barali.multitrack-violin.mp3;Bandadella Barali.multitrack-ghatam.mp3;Bandadella Barali.multitrack-mridangam-left.mp3;Bandadella Barali.multitrack-mridangam-right.mp3,476.18
saraga_0110,saraga1.5_carnatic\Salem Gayatri Venkatesan at Arkay by Salem Gayatri Venkatesan\Neene Ballideno,Neene Ballideno.multitrack-vocal.mp3,Neene Ballideno.multitrack-violin.mp3;Neene Ballideno.multitrack-ghatam.mp3;Neene Ballideno.multitrack-mridangam-left.mp3;Neene Ballideno.multitrack-mridangam-right.mp3,804.96
saraga_0111,saraga1.5_carnatic\Salem Gayatri Venkatesan at Arkay by Salem Gayatri Venkatesan\Palisomma Muddu Sarade,Palisomma Muddu Sarade.multitrack-vocal.mp3,Palisomma Muddu Sarade.multitrack-violin.mp3;Palisomma Muddu Sarade.multitrack-ghatam.mp3,821.88
saraga_0112,saraga1.5_carnatic\Salem Gayatri Venkatesan at Arkay by Salem Gayatri Venkatesan\Paragu Matada,Paragu Matada.multitrack-vocal.mp3,Paragu Matada.multitrack-violin.mp3;Paragu Matada.multitrack-ghatam.mp3;Paragu Matada.multitrack-mridangam-left.mp3;Paragu Matada.multitrack-mridangam-right.mp3,1400.2
saraga_0113,saraga1.5_carnatic\Salem Gayatri Venkatesan at Arkay by Salem Gayatri Venkatesan\Ramakrishnaru Manege,Ramakrishnaru Manege.multitrack-vocal.mp3,Ramakrishnaru Manege.multitrack-violin.mp3;Ramakrishnaru Manege.multitrack-ghatam.mp3,299.1
saraga_0114,saraga1.5_carnatic\Salem Gayatri Venkatesan at Arkay by Salem Gayatri Venkatesan\Sharanu Janakana,Sharanu Janakana.multitrack-vocal.mp3,Sharanu Janakana.multitrack-violin.mp3;Sharanu Janakana.multitrack-ghatam.mp3;Sharanu Janakana.multitrack-mridangam-left.mp3;Sharanu Janakana.multitrack-mridangam-right.mp3,422.18
saraga_0115,saraga1.5_carnatic\Salem Gayatri Venkatesan at Arkay by Salem Gayatri Venkatesan\Tamburi Mitidava,Tamburi Mitidava.multitrack-vocal.mp3,Tamburi Mitidava.multitrack-violin.mp3;Tamburi Mitidava.multitrack-ghatam.mp3;Tamburi Mitidava.multitrack-mridangam-left.mp3;Tamburi Mitidava.multitrack-mridangam-right.mp3,189.08
saraga_0116,saraga1.5_carnatic\Srividya Janakiraman at Arkay by Srividya Janakiraman\Gnanamosaga Rada,Gnanamosaga Rada.multitrack-vocal.mp3,Gnanamosaga Rada.multitrack-violin.mp3;Gnanamosaga Rada.multitrack-mridangam-left.mp3;Gnanamosaga Rada.multitrack-mridangam-right.mp3,1732.46
saraga_0117,saraga1.5_carnatic\Srividya Janakiraman at Arkay by Srividya Janakiraman\Jaya Jaya Janaki Kantha,Jaya Jaya Janaki Kantha.multitrack-vocal.mp3,Jaya Jaya Janaki Kantha.multitrack-violin.mp3;Jaya Jaya Janaki Kantha.multitrack-mridangam-left.mp3;Jaya Jaya Janaki Kantha.multitrack-mridangam-right.mp3,600.12
saraga_0118,saraga1.5_carnatic\Srividya Janakiraman at Arkay by Srividya Janakiraman\Nee Sari evvaramma,Nee Sari evvaramma.multitrack-vocal.mp3,Nee Sari evvaramma.multitrack-violin.mp3;Nee Sari evvaramma.multitrack-mridangam-left.mp3;Nee Sari evvaramma.multitrack-mridangam-right.mp3,3161.14
saraga_0119,saraga1.5_carnatic\Srividya Janakiraman at Arkay by Srividya Janakiraman\Nenindal Agaadadu undo,Nenindal Agaadadu undo.multitrack-vocal.mp3,Nenindal Agaadadu undo.multitrack-violin.mp3;Nenindal Agaadadu undo.multitrack-mridangam-left.mp3;Nenindal Agaadadu undo.multitrack-mridangam-right.mp3,210.37
saraga_0120,saraga1.5_carnatic\Srividya Janakiraman at Arkay by Srividya Janakiraman\Santhamu leka Sowkyamu ledu,Santhamu leka Sowkyamu ledu.multitrack-vocal.mp3,Santhamu leka Sowkyamu ledu.multitrack-violin.mp3,321.19
saraga_0121,saraga1.5_carnatic\Srividya Janakiraman at Arkay by Srividya Janakiraman\Sarasuda Ninne Kori,Sarasuda Ninne Kori.multitrack-vocal.mp3,Sarasuda Ninne Kori.multitrack-violin.mp3;Sarasuda Ninne Kori.multitrack-mridangam-left.mp3;Sarasuda Ninne Kori.multitrack-mridangam-right.mp3,307.24
saraga_0122,saraga1.5_carnatic\Srividya Janakiraman at Arkay by Srividya Janakiraman\Sri Dundurge Siva Samsaare,Sri Dundurge Siva Samsaare.multitrack-vocal.mp3,Sri Dundurge Siva Samsaare.multitrack-violin.mp3,304.82
saraga_0123,saraga1.5_carnatic\Sumithra Vasudev at Arkay by Sumithra Vasudev\Aaniraimekkani,Aaniraimekkani.multitrack-vocal.mp3,Aaniraimekkani.multitrack-violin.mp3;Aaniraimekkani.multitrack-mridangam-left.mp3;Aaniraimekkani.multitrack-mridangam-right.mp3,287.12
saraga_0124,saraga1.5_carnatic\Sumithra Vasudev at Arkay by Sumithra Vasudev\Karuninchutakidi,Karuninchutakidi.multitrack-vocal.mp3,Karuninchutakidi.multitrack-violin.mp3;Karuninchutakidi.multitrack-mridangam-left.mp3;Karuninchutakidi.multitrack-mridangam-right.mp3,131.43
saraga_0125,saraga1.5_carnatic\Sumithra Vasudev at Arkay by Sumithra Vasudev\Mangalam Kosalendraya,Mangalam Kosalendraya.multitrack-vocal.mp3,Mangalam Kosalendraya.multitrack-violin.mp3;Mangalam Kosalendraya.multitrack-mridangam-left.mp3;Mangalam Kosalendraya.multitrack-mridangam-right.mp3,30.48
saraga_0126,saraga1.5_carnatic\Sumithra Vasudev at Arkay by Sumithra Vasudev\Mati Matiki,Mati Matiki.multitrack-vocal.mp3,Mati Matiki.multitrack-violin.mp3;Mati Matiki.multitrack-mridangam-left.mp3;Mati Matiki.multitrack-mridangam-right.mp3,2596.85
saraga_0127,saraga1.5_carnatic\Sumithra Vasudev at Arkay by Sumithra Vasudev\Ramabhi Rama Manasu,Ramabhi Rama Manasu.multitrack-vocal.mp3,Ramabhi Rama Manasu.multitrack-violin.mp3;Ramabhi Rama Manasu.multitrack-mridangam-left.mp3;Ramabhi Rama Manasu.multitrack-mridangam-right.mp3,2092.77
saraga_0128,saraga1.5_carnatic\Sumithra Vasudev at Arkay by Sumithra Vasudev\Sri Guru Na Palitosmi,Sri Guru Na Palitosmi.multitrack-vocal.mp3,Sri Guru Na Palitosmi.multitrack-violin.mp3;Sri Guru Na Palitosmi.multitrack-mridangam-left.mp3;Sri Guru Na Palitosmi.multitrack-mridangam-right.mp3,347.32
saraga_0129,saraga1.5_carnatic\Sumithra Vasudev at Arkay by Sumithra Vasudev\Sri Vidhya Rajagopala,Sri Vidhya Rajagopala.multitrack-vocal.mp3,Sri Vidhya Rajagopala.multitrack-violin.mp3;Sri Vidhya Rajagopala.multitrack-mridangam-left.mp3;Sri Vidhya Rajagopala.multitrack-mridangam-right.mp3,266.67
saraga_0130,saraga1.5_carnatic\Sumithra Vasudev at Arkay by Sumithra Vasudev\Thoomani Madatthu,Thoomani Madatthu.multitrack-vocal.mp3,Thoomani Madatthu.multitrack-violin.mp3;Thoomani Madatthu.multitrack-mridangam-left.mp3;Thoomani Madatthu.multitrack-mridangam-right.mp3,271.9
saraga_0131,saraga1.5_carnatic\Sumithra Vasudev at Arkay by Sumithra Vasudev\Va Va Brindavana,Va Va Brindavana.multitrack-vocal.mp3,Va Va Brindavana.multitrack-violin.mp3;Va Va Brindavana.multitrack-mridangam-left.mp3;Va Va Brindavana.multitrack-mridangam-right.mp3,222.72
saraga_0132,saraga1.5_carnatic\Sumithra Vasudev at Arkay by Sumithra Vasudev\Vanajaksha Ninne Kori,Vanajaksha Ninne Kori.multitrack-vocal.mp3,Vanajaksha Ninne Kori.multitrack-violin.mp3;Vanajaksha Ninne Kori.multitrack-mridangam-left.mp3;Vanajaksha Ninne Kori.multitrack-mridangam-right.mp3,517.09
saraga_0133,saraga1.5_carnatic\Sumitra Nitin at Arkay by Sumitra Nitin\Chidambara Natarajam,Chidambara Natarajam.multitrack-vocal.mp3,Chidambara Natarajam.multitrack-violin.mp3;Chidambara Natarajam.multitrack-mridangam-left.mp3;Chidambara Natarajam.multitrack-mridangam-right.mp3,732.6
saraga_0134,saraga1.5_carnatic\Sumitra Nitin at Arkay by Sumitra Nitin\Dorakuna,Dorakuna.multitrack-vocal.mp3,Dorakuna.multitrack-violin.mp3;Dorakuna.multitrack-mridangam-left.mp3;Dorakuna.multitrack-mridangam-right.mp3,2062.26
saraga_0135,saraga1.5_carnatic\Sumitra Nitin at Arkay by Sumitra Nitin\Ganamuda Panam,Ganamuda Panam.multitrack-vocal.mp3,Ganamuda Panam.multitrack-violin.mp3;Ganamuda Panam.multitrack-mridangam-left.mp3;Ganamuda Panam.multitrack-mridangam-right.mp3,1787.55
saraga_0136,saraga1.5_carnatic\Sumitra Nitin at Arkay by Sumitra Nitin\Rama Daya Judave,Rama Daya Judave.multitrack-vocal.mp3,Rama Daya Judave.multitrack-violin.mp3;Rama Daya Judave.multitrack-mridangam-left.mp3;Rama Daya Judave.multitrack-mridangam-right.mp3,224.36
saraga_0137,saraga1.5_carnatic\Sumitra Nitin at Arkay by Sumitra Nitin\Thiruveragane Saveri Varnam,Thiruveragane Saveri Varnam.multitrack-vocal.mp3,Thiruveragane Saveri Varnam.multitrack-violin.mp3;Thiruveragane Saveri Varnam.multitrack-mridangam-left.mp3;Thiruveragane Saveri Varnam.multitrack-mridangam-right.mp3,426.86
saraga_0138,saraga1.5_carnatic\Sumitra Nitin at Arkay by Sumitra Nitin\Vandalum,Vandalum.multitrack-vocal.mp3,Vandalum.multitrack-violin.mp3;Vandalum.multitrack-mridangam-left.mp3;Vandalum.multitrack-mridangam-right.mp3,337.26
saraga_0139,saraga1.5_carnatic\V Shankarnarayanan at Arkay by V Shankaranarayanan\Ardhanareeshwaram,Ardhanareeshwaram.multitrack-vocal.mp3,Ardhanareeshwaram.multitrack-violin.mp3;Ardhanareeshwaram.multitrack-mridangam-left.mp3;Ardhanareeshwaram.multitrack-mridangam-right.mp3,1744.24
saraga_0140,saraga1.5_carnatic\V Shankarnarayanan at Arkay by V Shankaranarayanan\Chakkani Raja,Chakkani Raja.multitrack-vocal.mp3,Chakkani Raja.multitrack-violin.mp3;Chakkani Raja.multitrack-mridangam-left.mp3;Chakkani Raja.multitrack-mridangam-right.mp3,3252.98
saraga_0141,saraga1.5_carnatic\V Shankarnarayanan at Arkay by V Shankaranarayanan\Chenduril Nindradum Kanda,Chenduril Nindradum Kanda.multitrack-vocal.mp3,Chenduril Nindradum Kanda.multitrack-violin.mp3;Chenduril Nindradum Kanda.multitrack-mridangam-left.mp3,323.02
saraga_0142,saraga1.5_carnatic\V Shankarnarayanan at Arkay by V Shankaranarayanan\Dinamani Vamsa,Dinamani Vamsa.multitrack-vocal.mp3,Dinamani Vamsa.multitrack-violin.mp3;Dinamani Vamsa.multitrack-mridangam-left.mp3;Dinamani Vamsa.multitrack-mridangam-right.mp3,826.69
saraga_0143,saraga1.5_carnatic\V Shankarnarayanan at Arkay by V Shankaranarayanan\Muruga Muruga Muruga,Muruga Muruga Muruga.multitrack-vocal.mp3,Muruga Muruga Muruga.multitrack-violin.mp3;Muruga Muruga Muruga.multitrack-mridangam-left.mp3;Muruga Muruga Muruga.multitrack-mridangam-right.mp3,762.13
saraga_0144,saraga1.5_carnatic\V Shankarnarayanan at Arkay by V Shankaranarayanan\Nera Nammiti,Nera Nammiti.multitrack-vocal.mp3,Nera Nammiti.multitrack-violin.mp3;Nera Nammiti.multitrack-mridangam-left.mp3;Nera Nammiti.multitrack-mridangam-right.mp3,425.68
saraga_0145,saraga1.5_carnatic\V Shankarnarayanan at Arkay by V Shankaranarayanan\Ninne Bhajana,Ninne Bhajana.multitrack-vocal.mp3,Ninne Bhajana.multitrack-violin.mp3;Ninne Bhajana.multitrack-mridangam-left.mp3;Ninne Bhajana.multitrack-mridangam-right.mp3,649.27
saraga_0146,saraga1.5_carnatic\V Shankarnarayanan at Arkay by V Shankaranarayanan\Pavamana Suthudu Pattu,Pavamana Suthudu Pattu.multitrack-vocal.mp3,Pavamana Suthudu Pattu.multitrack-violin.mp3;Pavamana Suthudu Pattu.multitrack-mridangam-left.mp3;Pavamana Suthudu Pattu.multitrack-mridangam-right.mp3,57.6
saraga_0147,saraga1.5_carnatic\V Shankarnarayanan at Arkay by V Shankaranarayanan\Shloka,Shloka.multitrack-vocal.mp3,Shloka.multitrack-violin.mp3;Shloka.multitrack-mridangam-left.mp3;Shloka.multitrack-mridangam-right.mp3,69.24
saraga_0148,saraga1.5_carnatic\Vasundara Rajagopal at Arkay by Vasundara Rajagopal\Amba Nilambari,Amba Nilambari.multitrack-vocal.mp3,Amba Nilambari.multitrack-violin.mp3;Amba Nilambari.multitrack-mridangam-left.mp3;Amba Nilambari.multitrack-mridangam-right.mp3,500.44
saraga_0149,saraga1.5_carnatic\Vasundara Rajagopal at Arkay by Vasundara Rajagopal\Avani Sutha,Avani Sutha.multitrack-vocal.mp3,Avani Sutha.multitrack-violin.mp3;Avani Sutha.multitrack-mridangam-left.mp3;Avani Sutha.multitrack-mridangam-right.mp3,85.28
saraga_0150,saraga1.5_carnatic\Vasundara Rajagopal at Arkay by Vasundara Rajagopal\Munnu Ravana,Munnu Ravana.multitrack-vocal.mp3,Munnu Ravana.multitrack-violin.mp3;Munnu Ravana.multitrack-mridangam-left.mp3;Munnu Ravana.multitrack-mridangam-right.mp3,195.23
saraga_0151,saraga1.5_carnatic\Vasundara Rajagopal at Arkay by Vasundara Rajagopal\Ni Ninaindhal Aagadhadhu,Ni Ninaindhal Aagadhadhu.multitrack-vocal.mp3,Ni Ninaindhal Aagadhadhu.multitrack-violin.mp3;Ni Ninaindhal Aagadhadhu.multitrack-mridangam-left.mp3;Ni Ninaindhal Aagadhadhu.multitrack-mridangam-right.mp3,340.81
saraga_0152,saraga1.5_carnatic\Vasundara Rajagopal at Arkay by Vasundara Rajagopal\Ninnuvina Marigalada,Ninnuvina Marigalada.multitrack-vocal.mp3,Ninnuvina Marigalada.multitrack-violin.mp3;Ninnuvina Marigalada.multitrack-mridangam-left.mp3;Ninnuvina Marigalada.multitrack-mridangam-right.mp3,1364.24
saraga_0153,saraga1.5_carnatic\Vasundara Rajagopal at Arkay by Vasundara Rajagopal\Shlokham,Shlokham.multitrack-vocal.mp3,Shlokham.multitrack-violin.mp3;Shlokham.multitrack-mridangam-left.mp3;Shlokham.multitrack-mridangam-right.mp3,2357.19
saraga_0154,saraga1.5_carnatic\Vasundara Rajagopal at Arkay by Vasundara Rajagopal\Sri Jalandara,Sri Jalandara.multitrack-vocal.mp3,Sri Jalandara.multitrack-violin.mp3;Sri Jalandara.multitrack-mridangam-left.mp3;Sri Jalandara.multitrack-mridangam-right.mp3,382.06
saraga_0155,saraga1.5_carnatic\Vidya Subramanian at Arkay by Vidya Subramanian\Janakipathe,Janakipathe.multitrack-vocal.mp3,Janakipathe.multitrack-violin.mp3;Janakipathe.multitrack-mridangam-left.mp3;Janakipathe.multitrack-mridangam-right.mp3,1803.57
saraga_0156,saraga1.5_carnatic\Vidya Subramanian at Arkay by Vidya Subramanian\Jootamu Rare,Jootamu Rare.multitrack-vocal.mp3,Jootamu Rare.multitrack-violin.mp3;Jootamu Rare.multitrack-mridangam-left.mp3;Jootamu Rare.multitrack-mridangam-right.mp3,423.52
saraga_0157,saraga1.5_carnatic\Vidya Subramanian at Arkay by Vidya Subramanian\Kanakangaka Guha,Kanakangaka Guha.multitrack-vocal.mp3,Kanakangaka Guha.multitrack-violin.mp3;Kanakangaka Guha.multitrack-mridangam-left.mp3;Kanakangaka Guha.multitrack-mridangam-right.mp3,275.98
saraga_0158,saraga1.5_carnatic\Vidya Subramanian at Arkay by Vidya Subramanian\Shloka,Shloka.multitrack-vocal.mp3,Shloka.multitrack-violin.mp3;Shloka.multitrack-mridangam-left.mp3;Shloka.multitrack-mridangam-right.mp3,33.24
saraga_0159,saraga1.5_carnatic\Vidya Subramanian at Arkay by Vidya Subramanian\Shri Guruguhasya,Shri Guruguhasya.multitrack-vocal.mp3,Shri Guruguhasya.multitrack-violin.mp3;Shri Guruguhasya.multitrack-mridangam-left.mp3;Shri Guruguhasya.multitrack-mridangam-right.mp3,241.56
saraga_0160,saraga1.5_carnatic\Vidya Subramanian at Arkay by Vidya Subramanian\Thanaithilam Kattrerumai,Thanaithilam Kattrerumai.multitrack-vocal.mp3,Thanaithilam Kattrerumai.multitrack-violin.mp3;Thanaithilam Kattrerumai.multitrack-mridangam-left.mp3;Thanaithilam Kattrerumai.multitrack-mridangam-right.mp3,629.72
saraga_0161,saraga1.5_carnatic\Vidya Subramanian at Arkay by Vidya Subramanian\Thillana Hameerkalyani,Thillana Hameerkalyani.multitrack-vocal.mp3,Thillana Hameerkalyani.multitrack-violin.mp3;Thillana Hameerkalyani.multitrack-mridangam-left.mp3;Thillana Hameerkalyani.multitrack-mridangam-right.mp3,426.41
saraga_0162,saraga1.5_carnatic\Vidya Subramanian at Arkay by Vidya Subramanian\Vinakayunna Della,Vinakayunna Della.multitrack-vocal.mp3,Vinakayunna Della.multitrack-violin.mp3;Vinakayunna Della.multitrack-mridangam-left.mp3;Vinakayunna Della.multitrack-mridangam-right.mp3,1161.26
