track_id,split
saraga_0062,train
saraga_0090,train
saraga_0105,train
saraga_0043,train
saraga_0145,train
saraga_0086,train
saraga_0134,train
saraga_0012,train
saraga_0137,train
saraga_0067,train
saraga_0031,train
saraga_0141,train
saraga_0154,train
saraga_0019,train
saraga_0097,train
saraga_0121,train
saraga_0001,train
saraga_0018,train
saraga_0053,train
saraga_0123,train
saraga_0039,train
saraga_0073,train
saraga_0132,train
saraga_0095,train
saraga_0003,train
saraga_0020,train
saraga_0077,train
saraga_0124,train
saraga_0068,train
saraga_0159,train
saraga_0158,train
saraga_0143,train
saraga_0112,train
saraga_0004,train
saraga_0102,train
saraga_0055,train
saraga_0033,train
saraga_0076,train
saraga_0015,train
saraga_0128,train
saraga_0054,train
saraga_0044,train
saraga_0064,train
saraga_0098,train
saraga_0050,train
saraga_0066,train
saraga_0093,train
saraga_0139,train
saraga_0065,train
saraga_0017,train
saraga_0084,train
saraga_0070,train
saraga_0131,train
saraga_0026,train
saraga_0079,train
saraga_0106,train
saraga_0014,train
saraga_0120,train
saraga_0146,train
saraga_0142,train
saraga_0037,train
saraga_0061,train
saraga_0092,train
saraga_0028,train
saraga_0103,train
saraga_0075,train
saraga_0052,train
saraga_0136,train
saraga_0005,train
saraga_0096,train
saraga_0150,train
saraga_0042,train
saraga_0162,train
saraga_0133,train
saraga_0101,train
saraga_0118,train
saraga_0147,train
saraga_0089,train
saraga_0032,train
saraga_0116,train
saraga_0022,train
saraga_0122,train
saraga_0010,train
saraga_0083,train
saraga_0035,train
saraga_0129,train
saraga_0125,train
saraga_0048,train
saraga_0021,train
saraga_0110,train
saraga_0082,train
saraga_0117,train
saraga_0157,train
saraga_0114,train
saraga_0126,train
saraga_0100,train
saraga_0113,train
saraga_0111,train
saraga_0099,train
saraga_0030,train
saraga_0085,train
saraga_0119,train
saraga_0151,train
saraga_0091,train
saraga_0025,train
saraga_0074,train
saraga_0047,train
saraga_0080,train
saraga_0081,train
saraga_0107,train
saraga_0038,train
saraga_0160,train
saraga_0011,train
saraga_0127,train
saraga_0016,train
saraga_0069,train
saraga_0059,train
saraga_0094,train
saraga_0006,train
saraga_0104,train
saraga_0034,train
saraga_0078,train
saraga_0045,train
saraga_0135,train
saraga_0046,train
saraga_0013,train
saraga_0049,train
saraga_0149,train
saraga_0156,train
saraga_0087,train
saraga_0148,train
saraga_0040,train
saraga_0138,train
saraga_0088,train
saraga_0153,train
saraga_0041,train
saraga_0002,train
saraga_0072,train
saraga_0115,train
saraga_0057,train
saraga_0108,train
saraga_0155,train
saraga_0051,train
saraga_0144,train
saraga_0161,train
saraga_0130,valid
saraga_0060,valid
saraga_0056,valid
saraga_0024,valid
saraga_0008,valid
saraga_0009,valid
saraga_0109,valid
saraga_0152,valid
saraga_0023,valid
saraga_0140,valid
saraga_0027,valid
saraga_0036,valid
saraga_0058,valid
saraga_0063,valid
saraga_0071,valid
saraga_0007,valid
saraga_0029,valid
